file	name	hit_count	decision
backend/app/services/agent/candidate_store.py	_PRESENTATION_LOCK	2	keep
backend/app/services/agent/candidate_store.py	_LOGGER	31	keep
backend/app/services/agent/candidate_store.py	_RedisKeyMissing	5	keep
backend/app/services/agent/candidate_store.py	_REDIS_KEY_MISSING	2	keep
backend/app/services/agent/candidate_store.py	_key	40	keep
backend/app/services/agent/candidate_store.py	_optional_text	5	keep
backend/app/services/agent/candidate_store.py	_candidate_set_evidence	2	keep
backend/app/services/agent/candidate_store.py	_candidate_set_coverage	2	keep
backend/app/services/agent/candidate_store.py	_candidate_set_constraints	2	keep
backend/app/services/agent/candidate_store.py	_service_conditions	2	keep
backend/app/services/agent/candidate_store.py	_timing_metrics	2	keep
backend/app/services/agent/candidate_store.py	_comparison_option	2	keep
backend/app/services/agent/candidate_store.py	_official_alert_comparison	2	keep
backend/app/services/agent/candidate_store.py	_finite_metric	2	keep
backend/app/services/agent/candidate_store.py	_mark_presented_memory	2	keep
backend/app/services/agent/candidate_store.py	_admit_watched_record	3	keep
backend/app/services/agent/candidate_store.py	_attempt_watched_presentation	2	keep
backend/app/services/agent/candidate_store.py	_mark_presented_redis	2	keep
backend/app/services/agent/candidate_store.py	_reserve_record	3	keep
backend/app/services/agent/candidate_store.py	_queue_reserved_record	2	keep
backend/app/services/agent/candidate_store.py	_cache_reserved_record	2	keep
backend/app/services/agent/candidate_store.py	_decode_record	2	keep
backend/app/services/agent/discovery_store.py	_PLACE_ID_PREFIX	2	keep
backend/app/services/agent/discovery_store.py	_ALLOWED_RANKING_FACTORS	2	keep
backend/app/services/agent/discovery_store.py	_QUEUE_CONTEXT_MODES	2	keep
backend/app/services/agent/discovery_store.py	_DEFAULT_QUEUE_CONTEXT	2	keep
backend/app/services/agent/discovery_store.py	_CONTINUATION_TOKEN_RE	2	keep
backend/app/services/agent/discovery_store.py	_PLACES_PRICE_LEVELS	2	keep
backend/app/services/agent/discovery_store.py	_is_finite_number	5	keep
backend/app/services/agent/discovery_store.py	_finite_price	5	keep
backend/app/services/agent/discovery_store.py	_finite_optional	5	keep
backend/app/services/agent/discovery_store.py	_OMIT	3	keep
backend/app/services/agent/discovery_store.py	_finite_number_or_none	5	keep
backend/app/services/agent/discovery_store.py	_sanitized_option	2	keep
backend/app/services/agent/discovery_store.py	_waypoint_label	2	keep
backend/app/services/agent/discovery_store.py	_identity_key	9	keep
backend/app/services/agent/discovery_store.py	_key	40	keep
backend/app/services/agent/discovery_store.py	_normalized_place	2	keep
backend/app/services/agent/discovery_store.py	_place_identity	4	keep
backend/app/services/agent/discovery_store.py	_bounded_count	2	keep
backend/app/services/agent/discovery_store.py	_sanitized_coverage	2	keep
backend/app/services/agent/discovery_store.py	_coverage_labels	3	keep
backend/app/services/agent/discovery_store.py	_bounded_scope_values	4	keep
backend/app/services/agent/discovery_store.py	_borough_scope	2	keep
backend/app/services/agent/discovery_store.py	_named_area_scope	2	keep
backend/app/services/agent/discovery_store.py	_named_near_scope	2	keep
backend/app/services/agent/discovery_store.py	_sanitized_search_scope	3	keep
backend/app/services/agent/discovery_store.py	_normalized_name	25	keep
backend/app/services/agent/discovery_store.py	_place_by_id	2	keep
backend/app/services/agent/discovery_store.py	_place_by_ordinal	2	keep
backend/app/services/agent/discovery_store.py	_presented_context_rows	2	keep
backend/app/services/agent/discovery_store.py	_record_context	2	keep
backend/app/services/agent/events.py	_TURN_ID_REQUIRED	2	keep
backend/app/services/agent/events.py	_UNTRUSTED_SOURCE	2	keep
backend/app/services/agent/events.py	_SOURCE_COUNT_REQUIRED	2	keep
backend/app/services/agent/events.py	_trusted_https_url	2	keep
backend/app/services/agent/loop.py	_SUPPORTED_BINOPS	2	keep
backend/app/services/agent/loop.py	_SUPPORTED_UNARY	3	keep
backend/app/services/agent/loop.py	_eval_bounded_binop	2	keep
backend/app/services/agent/loop.py	_eval_math_node	5	keep
backend/app/services/agent/loop.py	_rider_excluded_modes	2	keep
backend/app/services/agent/loop.py	_rider_excluded_route_ids	2	keep
backend/app/services/agent/loop.py	_run_one_tool	4	keep
backend/app/services/agent/loop.py	_execute_tool_round	2	keep
backend/app/services/agent/loop.py	_system_blocks	2	keep
backend/app/services/agent/loop.py	_messages_from_history	3	keep
backend/app/services/agent/loop.py	_build_stream_kwargs	5	keep
backend/app/services/agent/loop.py	_web_search_tool	3	keep
backend/app/services/agent/loop.py	_tools_for_state	26	keep
backend/app/services/agent/loop.py	_INTERNAL_CARD_REFERENCE	2	keep
backend/app/services/agent/loop.py	_OPAQUE_CARD_ID	2	keep
backend/app/services/agent/loop.py	_OPAQUE_CANDIDATE_ID	2	keep
backend/app/services/agent/loop.py	_OPAQUE_PLACE_ID	2	keep
backend/app/services/agent/loop.py	_INTERNAL_RUNTIME_LINE	2	keep
backend/app/services/agent/loop.py	_FAKE_WAIT_SENTENCE	2	keep
backend/app/services/agent/loop.py	_sanitize_rider_text	5	keep
backend/app/services/agent/loop.py	_turn_dependencies	2	keep
backend/app/services/agent/loop.py	_rejection_events	3	keep
backend/app/services/agent/loop.py	_admission_rejection	2	keep
backend/app/services/agent/loop.py	_arithmetic_shortcut_events	2	keep
backend/app/services/agent/loop.py	_live_turn_events	2	keep
backend/app/services/agent/model/budget.py	_semaphore	5	keep
backend/app/services/agent/model/budget.py	_semaphore_limit	4	keep
backend/app/services/agent/model/budget.py	_current_minute_bucket	2	keep
backend/app/services/agent/model/budget.py	_incr_counter	2	keep
backend/app/services/agent/model/budget.py	_today_key	2	keep
backend/app/services/agent/model/budget.py	_spend_cache_key	3	keep
backend/app/services/agent/model/mock_turn.py	_mock_step_delay_s	2	keep
backend/app/services/agent/model/mock_turn.py	_mock_token_chunks	2	keep
backend/app/services/agent/model/output_projection.py	_PLACE_ID_FIELDS	2	keep
backend/app/services/agent/model/output_projection.py	_PLACE_ID_LIST_FIELDS	2	keep
backend/app/services/agent/model/output_projection.py	_PROVIDER_ID_FIELDS	2	keep
backend/app/services/agent/model/output_projection.py	_PRESENTER_RECEIPT_FIELDS	2	keep
backend/app/services/agent/model/output_projection.py	_project_mapping	2	keep
backend/app/services/agent/model/output_projection.py	_projected_place_ids	2	keep
backend/app/services/agent/model/output_projection.py	_restore_row_place_id	2	keep
backend/app/services/agent/model/output_projection.py	_input_destination_ids	2	keep
backend/app/services/agent/model/output_projection.py	_opaque_ids	4	keep
backend/app/services/agent/model/policy.py	_positive_int	13	keep
backend/app/services/agent/model/policy.py	_positive_int_with_legacy	3	keep
backend/app/services/agent/model/policy.py	_DEFAULT_REQUEST_CAPABILITIES	2	keep
backend/app/services/agent/model/policy.py	_SONNET_5_REQUEST_CAPABILITIES	2	keep
backend/app/services/agent/model/policy.py	_sonnet_model	2	keep
backend/app/services/agent/model/policy.py	_web_timeout_s	2	keep
backend/app/services/agent/model/policy.py	_output_effort	3	keep
backend/app/services/agent/model/prompt.py	_place_label	3	keep
backend/app/services/agent/model/prompt.py	_saved_place_labels	2	keep
backend/app/services/agent/model/prompt.py	_trip_digest	2	keep
backend/app/services/agent/model/prompt.py	_accepted_endpoint_digest	2	keep
backend/app/services/agent/model/prompt.py	_accepted_route_comparison	2	keep
backend/app/services/agent/model/prompt.py	_route_card_digest	2	keep
backend/app/services/agent/model/prompt.py	_active_trip_digest	2	keep
backend/app/services/agent/model/prompt.py	_pending_trip_digest	2	keep
backend/app/services/agent/model/prompt.py	_json_context_lines	3	keep
backend/app/services/agent/model/request.py	_LOGGER	31	keep
backend/app/services/agent/model/request.py	_SAMPLING_FIELDS	3	keep
backend/app/services/agent/model/request.py	_NON_RETRYABLE_STATUSES	2	keep
backend/app/services/agent/model/request.py	_TRANSIENT_EXCEPTION_NAMES	2	keep
backend/app/services/agent/model/request.py	_URL	2	keep
backend/app/services/agent/model/request.py	_SECRET	2	keep
backend/app/services/agent/model/request.py	_COORDINATE_PAIR	2	keep
backend/app/services/agent/model/request.py	_CONTROL	2	keep
backend/app/services/agent/model/request.py	_QUOTED_VALUE	2	keep
backend/app/services/agent/model/request.py	_SAFE_QUOTED_IDENTIFIERS	2	keep
backend/app/services/agent/model/request.py	_strip_unsupported_sampling_and_thinking	2	keep
backend/app/services/agent/model/request.py	_reject_unsupported_prefill	2	keep
backend/app/services/agent/model/request.py	_sanitize_message	2	keep
backend/app/services/agent/model/request.py	_sanitize_quoted_value	2	keep
backend/app/services/agent/model/request.py	_safe_label	3	keep
backend/app/services/agent/model/stream.py	_SUSPICIOUS_TEXT	2	keep
backend/app/services/agent/model/stream.py	_AttemptState	12	keep
backend/app/services/agent/model/stream.py	_AttemptCompleted	14	keep
backend/app/services/agent/model/stream.py	_RiderTextSanitizer	3	keep
backend/app/services/agent/model/stream.py	_first_byte_timeout_s	2	keep
backend/app/services/agent/model/stream.py	_remaining_deadline_s	5	keep
backend/app/services/agent/model/stream.py	_next_item_timeout_s	2	keep
backend/app/services/agent/model/stream.py	_web_research_expired	2	keep
backend/app/services/agent/model/stream.py	_paced_provider_iter	2	keep
backend/app/services/agent/model/stream.py	_web_result_ok	4	keep
backend/app/services/agent/model/stream.py	_field	7	keep
backend/app/services/agent/model/stream.py	_citation_source	2	keep
backend/app/services/agent/model/stream.py	_extend_cited_sources	2	keep
backend/app/services/agent/model/stream.py	_web_sources	2	keep
backend/app/services/agent/model/stream.py	_on_web_search_start	2	keep
backend/app/services/agent/model/stream.py	_on_web_search_result	2	keep
backend/app/services/agent/model/stream.py	_on_text_delta	2	keep
backend/app/services/agent/model/stream.py	_on_text_stop	2	keep
backend/app/services/agent/model/stream.py	_stream_provider_events	2	keep
backend/app/services/agent/model/stream.py	_apply_follow_up	2	keep
backend/app/services/agent/model/stream.py	_required_attempt_completion	2	keep
backend/app/services/agent/model/stream.py	_timeout_attempt_result	2	keep
backend/app/services/agent/model/stream.py	_provider_error_result	2	keep
backend/app/services/agent/model/stream.py	_stream_attempt	2	keep
backend/app/services/agent/model/stream.py	_pending_web_events	2	keep
backend/app/services/agent/model/stream.py	_silent_retry_allowed	2	keep
backend/app/services/agent/model/stream.py	_retry_delay_s	2	keep
backend/app/services/agent/model/stream.py	_deadline_error	4	keep
backend/app/services/agent/model/stream.py	_deadline_completion	2	keep
backend/app/services/agent/model/stream.py	_deadline_from_attempt	2	keep
backend/app/services/agent/passenger_output.py	_INTERNAL_WORDS	2	keep
backend/app/services/agent/passenger_output.py	_OPAQUE_ID_FRAGMENTS	2	keep
backend/app/services/agent/passenger_output.py	_TIMING_PROMISES	2	keep
backend/app/services/agent/passenger_output.py	_RESULT_CLAIM_PREFIXES	2	keep
backend/app/services/agent/passenger_output.py	_RESULT_CLAIM_FRAGMENTS	2	keep
backend/app/services/agent/passenger_output.py	_FLUFF_ONLY	2	keep
backend/app/services/agent/passenger_output.py	_TIME_UNITS	3	keep
backend/app/services/agent/passenger_output.py	_contains_numeric_timing	2	keep
backend/app/services/agent/passenger_output.py	_contains_internal_language	4	keep
backend/app/services/agent/passenger_output.py	_contains_opaque_identifier	4	keep
backend/app/services/agent/passenger_output.py	_activity_copy_rejected	2	keep
backend/app/services/agent/passenger_output.py	_has_unowned_continuation	2	keep
backend/app/services/agent/passenger_output.py	_normalized_terminal_message	2	keep
backend/app/services/agent/passenger_output.py	_UNRESOLVED_ACTION_FALLBACK	2	keep
backend/app/services/agent/passenger_output.py	_RESOLVED_GOAL_STATES	2	keep
backend/app/services/agent/passenger_output.py	_goal_is_unresolved	5	keep
backend/app/services/agent/passenger_output.py	_route_goal_is_unresolved	2	keep
backend/app/services/agent/passenger_output.py	_first_unresolved_goal	3	keep
backend/app/services/agent/passenger_output.py	_precise_route_failure_text	2	keep
backend/app/services/agent/passenger_output.py	_unresolved_goal_failure_text	2	keep
backend/app/services/agent/presented_entity_registry.py	_PRICE_REFERENCE_WORDS	3	keep
backend/app/services/agent/presented_entity_registry.py	_BOROUGH_REFERENCE_WORDS	3	keep
backend/app/services/agent/presented_entity_registry.py	_store	38	keep
backend/app/services/agent/presented_entity_registry.py	_identity_key	9	keep
backend/app/services/agent/presented_entity_registry.py	_normalized_name	25	keep
backend/app/services/agent/presented_entity_registry.py	_description_reference	3	keep
backend/app/services/agent/presented_entity_registry.py	_admitted_aliases	3	keep
backend/app/services/agent/presented_entity_registry.py	_registry_identity_fields	2	keep
backend/app/services/agent/presented_entity_registry.py	_admit_registry_entry	2	keep
backend/app/services/agent/presented_entity_registry.py	_entries	5	keep
backend/app/services/agent/presented_entity_registry.py	_next_sequence	2	keep
backend/app/services/agent/presented_entity_registry.py	_entry	2	keep
backend/app/services/agent/presented_entity_registry.py	_rewrite_source_place_id	2	keep
backend/app/services/agent/presented_entity_registry.py	_rewrite_canonical_place	2	keep
backend/app/services/agent/presented_entity_registry.py	_reused_aliases	2	keep
backend/app/services/agent/presented_entity_registry.py	_upsert_registry_item	2	keep
backend/app/services/agent/presented_entity_registry.py	_place_in_source	2	keep
backend/app/services/agent/presented_entity_registry.py	_entry_place	2	keep
backend/app/services/agent/presented_entity_registry.py	_scoped_entries	2	keep
backend/app/services/agent/presented_entity_registry.py	_latest_by_sequence	3	keep
backend/app/services/agent/presented_entity_registry.py	_latest_ordinal_entry	2	keep
backend/app/services/agent/presented_entity_registry.py	_name_alias_matches	2	keep
backend/app/services/agent/presented_entity_registry.py	_unique_description_entry	2	keep
backend/app/services/agent/presented_entity_registry.py	_finite_price	5	keep
backend/app/services/agent/presented_entity_registry.py	_price_description_match	2	keep
backend/app/services/agent/presented_entity_registry.py	_borough_description_match	2	keep
backend/app/services/agent/presented_entity_registry.py	_text_description_match	2	keep
backend/app/services/agent/profile.py	_PREFERENCE_KEYS	1	delete
backend/app/services/agent/profile.py	_matching_saved_places	2	keep
backend/app/services/agent/profile.py	_unique_place	2	keep
backend/app/services/agent/profile.py	_admitted_coordinates	2	keep
backend/app/services/agent/profile.py	_validated_preferences	3	keep
backend/app/services/agent/profile.py	_same_place	2	keep
backend/app/services/agent/profile.py	_place_key	4	keep
backend/app/services/agent/profile.py	_limit_for	3	keep
backend/app/services/agent/public_surface.py	_CAPABILITY_BY_GOAL	4	keep
backend/app/services/agent/public_surface.py	_PRESENTER_BY_GOAL	5	keep
backend/app/services/agent/public_surface.py	_feeds_route_selection	3	keep
backend/app/services/agent/public_surface.py	_dependent_route_failed	2	keep
backend/app/services/agent/public_surface.py	_assert_public_tool_budget	2	keep
backend/app/services/agent/public_surface.py	_live_what_if_selection	2	keep
backend/app/services/agent/public_surface.py	_presentable_what_if	2	keep
backend/app/services/agent/public_surface.py	_ready_presenter_name	2	keep
backend/app/services/agent/public_surface.py	_pending_place_presenter	2	keep
backend/app/services/agent/public_surface.py	_pending_route_presenter	2	keep
backend/app/services/agent/public_surface.py	_pending_tool_names	2	keep
backend/app/services/agent/session.py	_LOGGER	31	keep
backend/app/services/agent/session.py	_now	4	keep
backend/app/services/agent/session.py	_items	2	keep
backend/app/services/agent/session.py	_utc	5	keep
backend/app/services/agent/session.py	_normalise_pending_continuations	5	keep
backend/app/services/agent/session.py	_continuation_identity	3	keep
backend/app/services/agent/session.py	_TRANSCRIPT_FIELD	4	keep
backend/app/services/agent/session.py	_session_lease_ttl_s	4	keep
backend/app/services/agent/session.py	_session_key	17	keep
backend/app/services/agent/session.py	_transcript_key	3	keep
backend/app/services/agent/session.py	_session_lease_key	8	keep
backend/app/services/agent/session.py	_validated_current_location	3	keep
backend/app/services/agent/session.py	_decode_json_object	2	keep
backend/app/services/agent/session.py	_history_bytes	2	keep
backend/app/services/agent/session.py	_trim_history	3	keep
backend/app/services/agent/session.py	_trim_route_cards	3	keep
backend/app/services/agent/session.py	_trimmed_session_blob	2	keep
backend/app/services/agent/session.py	_route_endpoint_slots	2	keep
backend/app/services/agent/session.py	_route_constraint_slots	2	keep
backend/app/services/agent/tool_input_policy.py	_stripped	9	keep
backend/app/services/agent/tool_input_policy.py	_complete_turn_goal_error	2	keep
backend/app/services/agent/tool_input_policy.py	_evidence_capability_error	2	keep
backend/app/services/agent/tool_input_policy.py	_place_research_error	2	keep
backend/app/services/agent/tool_input_policy.py	_tool_satisfies_declared_goal	2	keep
backend/app/services/agent/tool_input_policy.py	_presenter_reuse_allowed	2	keep
backend/app/services/agent/tool_input_policy.py	_has_destination_ids	2	keep
backend/app/services/agent/tool_input_policy.py	_current_turn_destination_error	2	keep
backend/app/services/agent/tool_input_policy.py	_constrained_route_modes	2	keep
backend/app/services/agent/tool_input_policy.py	_constrained_route_ids	2	keep
backend/app/services/agent/tools/__init__.py	_transit_snapshot_label	2	keep
backend/app/services/agent/tools/__init__.py	_check_area_conditions_label	2	keep
backend/app/services/agent/tools/__init__.py	_event_lookup_label	2	keep
backend/app/services/agent/tools/__init__.py	_lookup_arrivals_label	2	keep
backend/app/services/agent/tools/__init__.py	_venue_crowd_window_label	2	keep
backend/app/services/agent/tools/__init__.py	_accessibility_status_label	2	keep
backend/app/services/agent/tools/__init__.py	_lookup_facts_label	2	keep
backend/app/services/agent/tools/__init__.py	_prepare_route_options_label	3	keep
backend/app/services/agent/tools/__init__.py	_present_route_label	2	keep
backend/app/services/agent/tools/__init__.py	_discover_places_where	2	keep
backend/app/services/agent/tools/__init__.py	_discover_places_label	2	keep
backend/app/services/agent/tools/__init__.py	_present_places_label	2	keep
backend/app/services/agent/tools/__init__.py	_arrivals_status_label	2	keep
backend/app/services/agent/tools/__init__.py	_label_route_ids	3	keep
backend/app/services/agent/tools/__init__.py	_check_transit_label	2	keep
backend/app/services/agent/tools/__init__.py	_TRANSIT_OPERATION_LABELS	2	keep
backend/app/services/agent/tools/__init__.py	_complete_turn_label	2	keep
backend/app/services/agent/tools/__init__.py	_declare_goals_label	2	keep
backend/app/services/agent/tools/__init__.py	_present_transit_label	2	keep
backend/app/services/agent/tools/__init__.py	_get_place_details_label	2	keep
backend/app/services/agent/tools/__init__.py	_canonical_hash	3	keep
backend/app/services/agent/tools/__init__.py	_fixture_path	5	keep
backend/app/services/agent/tools/__init__.py	_load_fixture	2	keep
backend/app/services/agent/tools/__init__.py	_write_fixture	2	keep
backend/app/services/agent/tools/__init__.py	_with_fixture_replay	7	keep
backend/app/services/agent/tools/__init__.py	_spec	17	keep
backend/app/services/agent/tools/__init__.py	_UNSUPPORTED_STRICT_KEYWORDS	2	keep
backend/app/services/agent/tools/complete_turn.py	_ROUTE_UNAVAILABLE_MESSAGE	2	keep
backend/app/services/agent/tools/complete_turn.py	_parse_goal_keys	2	keep
backend/app/services/agent/tools/complete_turn.py	_goal_state	3	keep
backend/app/services/agent/tools/complete_turn.py	_goal_attempted	2	keep
backend/app/services/agent/tools/complete_turn.py	_goal_presented	3	keep
backend/app/services/agent/tools/complete_turn.py	_projected_facts	2	keep
backend/app/services/agent/tools/complete_turn.py	_answer_goal_facts	2	keep
backend/app/services/agent/tools/complete_turn.py	_interrupt_goal_facts	2	keep
backend/app/services/agent/tools/complete_turn.py	_interrupt_goal_error	2	keep
backend/app/services/agent/tools/complete_turn.py	_unavailable_goal_facts	2	keep
backend/app/services/agent/tools/complete_turn.py	_pending_goal_instruction	2	keep
backend/app/services/agent/tools/complete_turn.py	_record_outcome_goals	2	keep
backend/app/services/agent/tools/complete_turn.py	_apply_complete_turn_side_effects	2	keep
backend/app/services/agent/tools/complete_turn.py	_parsed_complete_outcome	2	keep
backend/app/services/agent/tools/complete_turn.py	_bound_turn_contract	2	keep
backend/app/services/agent/tools/complete_turn.py	_evidence_from_projected	2	keep
backend/app/services/agent/tools/complete_turn.py	_terminate_turn	2	keep
backend/app/services/agent/tools/location_resolution.py	_normalized_label	7	keep
backend/app/services/agent/tools/location_resolution.py	_resolved_discovery_record	4	keep
backend/app/services/agent/tools/location_resolution.py	_active_discovery_set_id	3	keep
backend/app/services/agent/tools/location_resolution.py	_destination_from_explicit_place_id	2	keep
backend/app/services/agent/tools/location_resolution.py	_destination_from_presented_label	2	keep
backend/app/services/agent/tools/location_resolution.py	_destination_from_selected_place	2	keep
backend/app/services/agent/tools/location_resolution.py	_unavailable_selected_place	2	keep
backend/app/services/agent/tools/location_resolution.py	_selected_place_matches_label	2	keep
backend/app/services/agent/tools/location_resolution.py	_ROUTE_QUALIFIED_STATION_RE	2	keep
backend/app/services/agent/tools/location_resolution.py	_route_qualified_station	3	keep
backend/app/services/agent/tools/location_resolution.py	_stops_on_named_route	2	keep
backend/app/services/agent/tools/location_resolution.py	_gtfs_stop_place	2	keep
backend/app/services/agent/tools/location_resolution.py	_origin_latlng	7	keep
backend/app/services/agent/tools/location_resolution.py	_place_from_user_origin	2	keep
backend/app/services/agent/tools/location_resolution.py	_station_or_geocoded_place	2	keep
backend/app/services/agent/tools/location_resolution.py	_known_alias_place	2	keep
backend/app/services/agent/tools/location_resolution.py	_saved_profile_coords	2	keep
backend/app/services/agent/tools/location_resolution.py	_saved_profile_place	3	keep
backend/app/services/agent/tools/places/damn_lines.py	_NYC	11	keep
backend/app/services/agent/tools/places/damn_lines.py	_CURRENT_MAX_AGE	2	keep
backend/app/services/agent/tools/places/damn_lines.py	_CURRENT_SNAPSHOT_MAX_AGE	2	keep
backend/app/services/agent/tools/places/damn_lines.py	_HISTORY_REFRESH_AGE	3	keep
backend/app/services/agent/tools/places/damn_lines.py	_HISTORY_MAX_AGE	3	keep
backend/app/services/agent/tools/places/damn_lines.py	_COOLDOWN_CACHE_KEY	5	keep
backend/app/services/agent/tools/places/damn_lines.py	_VENUE_ROWS	2	keep
backend/app/services/agent/tools/places/damn_lines.py	_SUPPORTED_VENUES	10	keep
backend/app/services/agent/tools/places/damn_lines.py	_PLACE_ID_BY_SLUG	2	keep
backend/app/services/agent/tools/places/damn_lines.py	_current_refresh_task	10	keep
backend/app/services/agent/tools/places/damn_lines.py	_history_refresh_task	10	keep
backend/app/services/agent/tools/places/damn_lines.py	_history_loaded	10	keep
backend/app/services/agent/tools/places/damn_lines.py	_history_last_success	12	keep
backend/app/services/agent/tools/places/damn_lines.py	_history_index	8	keep
backend/app/services/agent/tools/places/damn_lines.py	_now_utc	5	keep
backend/app/services/agent/tools/places/damn_lines.py	_timestamp	10	keep
backend/app/services/agent/tools/places/damn_lines.py	_non_negative_number	7	keep
backend/app/services/agent/tools/places/damn_lines.py	_people_count	3	keep
backend/app/services/agent/tools/places/damn_lines.py	_fresh	2	keep
backend/app/services/agent/tools/places/damn_lines.py	_observation	3	keep
backend/app/services/agent/tools/places/damn_lines.py	_normalize_current_record	7	keep
backend/app/services/agent/tools/places/damn_lines.py	_encode_current	4	keep
backend/app/services/agent/tools/places/damn_lines.py	_read_current	3	keep
backend/app/services/agent/tools/places/damn_lines.py	_cooldown_active	4	keep
backend/app/services/agent/tools/places/damn_lines.py	_retry_after_seconds	3	keep
backend/app/services/agent/tools/places/damn_lines.py	_request_json	5	keep
backend/app/services/agent/tools/places/damn_lines.py	_timeout_seconds	2	keep
backend/app/services/agent/tools/places/damn_lines.py	_fetch_current	2	keep
backend/app/services/agent/tools/places/damn_lines.py	_refresh_current	2	keep
backend/app/services/agent/tools/places/damn_lines.py	_HistoryAccumulator	5	keep
backend/app/services/agent/tools/places/damn_lines.py	_aggregate_history	3	keep
backend/app/services/agent/tools/places/damn_lines.py	_accumulate_history_row	2	keep
backend/app/services/agent/tools/places/damn_lines.py	_pattern_from_bucket	2	keep
backend/app/services/agent/tools/places/damn_lines.py	_encode_history	5	keep
backend/app/services/agent/tools/places/damn_lines.py	_install_history	6	keep
backend/app/services/agent/tools/places/damn_lines.py	_decoded_history_payload	2	keep
backend/app/services/agent/tools/places/damn_lines.py	_admitted_history_pattern	2	keep
backend/app/services/agent/tools/places/damn_lines.py	_history_pattern_admissible	2	keep
backend/app/services/agent/tools/places/damn_lines.py	_bounded_int	2	keep
backend/app/services/agent/tools/places/damn_lines.py	_positive_int	13	keep
backend/app/services/agent/tools/places/damn_lines.py	_load_history_cache	4	keep
backend/app/services/agent/tools/places/damn_lines.py	_fetch_history_rows	7	keep
backend/app/services/agent/tools/places/damn_lines.py	_fetch_venue_history_rows	2	keep
backend/app/services/agent/tools/places/damn_lines.py	_history_page	2	keep
backend/app/services/agent/tools/places/damn_lines.py	_perform_history_refresh	2	keep
backend/app/services/agent/tools/places/discover_places.py	_DISCOVERY_GOAL_KINDS	2	keep
backend/app/services/agent/tools/places/discover_places.py	_LOGGER	31	keep
backend/app/services/agent/tools/places/discover_places.py	_MISSING	3	keep
backend/app/services/agent/tools/places/discover_places.py	_validated_scope	2	keep
backend/app/services/agent/tools/places/discover_places.py	_validated_candidate_names	2	keep
backend/app/services/agent/tools/places/discover_places.py	_validated_open_now	2	keep
backend/app/services/agent/tools/places/discover_places.py	_validated_exclude_presented	2	keep
backend/app/services/agent/tools/places/discover_places.py	_validated_queue_context	2	keep
backend/app/services/agent/tools/places/discover_places.py	_clamp_max_results	2	keep
backend/app/services/agent/tools/places/discover_places.py	_candidate_names	2	keep
backend/app/services/agent/tools/places/discover_places.py	_validate_goal_key	4	keep
backend/app/services/agent/tools/places/discover_places.py	_all_failed	3	keep
backend/app/services/agent/tools/places/discover_places.py	_search	2	keep
backend/app/services/agent/tools/places/discover_places.py	_verify	2	keep
backend/app/services/agent/tools/places/discover_places.py	_first_verified_place	2	keep
backend/app/services/agent/tools/places/discover_places.py	_interleaved_sources	2	keep
backend/app/services/agent/tools/places/discover_places.py	_normalized_discovery_places	2	keep
backend/app/services/agent/tools/places/discover_places.py	_ranked_place_eligible	2	keep
backend/app/services/agent/tools/places/discover_places.py	_persist	5	keep
backend/app/services/agent/tools/places/discover_places.py	_observation_time	2	keep
backend/app/services/agent/tools/places/discover_places.py	_queue_digest	2	keep
backend/app/services/agent/tools/places/discover_places.py	_enrich_queue_places	2	keep
backend/app/services/agent/tools/places/discover_places.py	_current_queue_lookup	2	keep
backend/app/services/agent/tools/places/discover_places.py	_place_queue_evidence	2	keep
backend/app/services/agent/tools/places/discover_places.py	_current_queue_evidence	2	keep
backend/app/services/agent/tools/places/discover_places.py	_historical_pattern	6	keep
backend/app/services/agent/tools/places/discover_places.py	_historical_evidence	3	keep
backend/app/services/agent/tools/places/discover_places.py	_matching_continuation_tokens	2	keep
backend/app/services/agent/tools/places/discover_places.py	_response_continuation_tokens	2	keep
backend/app/services/agent/tools/places/discover_places.py	_provider_results	3	keep
backend/app/services/agent/tools/places/discover_places.py	_name_matches	5	keep
backend/app/services/agent/tools/places/discover_places.py	_project_current_location_relevance	2	keep
backend/app/services/agent/tools/places/discover_places.py	_coordinates	10	keep
backend/app/services/agent/tools/places/geography.py	_BOROUGH_ALIASES	5	keep
backend/app/services/agent/tools/places/geography.py	_NYC_LOCALITY_WORDS	2	keep
backend/app/services/agent/tools/places/geography.py	_UNAMBIGUOUS_ADDRESS_BOROUGH	2	keep
backend/app/services/agent/tools/places/geography.py	_normalized	5	keep
backend/app/services/agent/tools/places/geography.py	_parsed_scope_values	2	keep
backend/app/services/agent/tools/places/geography.py	_scope_current_location	2	keep
backend/app/services/agent/tools/places/geography.py	_scope_nyc	2	keep
backend/app/services/agent/tools/places/geography.py	_scope_named_area	2	keep
backend/app/services/agent/tools/places/geography.py	_scope_boroughs	2	keep
backend/app/services/agent/tools/places/geography.py	_component_text	3	keep
backend/app/services/agent/tools/places/place_reference.py	_parsed_place_selector	2	keep
backend/app/services/agent/tools/places/place_reference.py	_resolve_owned_place	2	keep
backend/app/services/agent/tools/places/place_reference.py	_bind_resolved_place	2	keep
backend/app/services/agent/tools/places/place_reference.py	_place_details_result	2	keep
backend/app/services/agent/tools/places/present_places.py	_LOGGER	31	keep
backend/app/services/agent/tools/places/present_places.py	_PLACE_GOAL_KINDS	2	keep
backend/app/services/agent/tools/places/present_places.py	_GOOGLE_MAPS_SOURCE	2	keep
backend/app/services/agent/tools/places/present_places.py	_NYC	11	keep
backend/app/services/agent/tools/places/present_places.py	_place_goal_key	2	keep
backend/app/services/agent/tools/places/present_places.py	_owned_discovery	2	keep
backend/app/services/agent/tools/places/present_places.py	_rebind_details_if_researched	2	keep
backend/app/services/agent/tools/places/present_places.py	_rebind_researched_details	2	keep
backend/app/services/agent/tools/places/present_places.py	_single_opaque_selection_id	2	keep
backend/app/services/agent/tools/places/present_places.py	_owned_authoritative_record	2	keep
backend/app/services/agent/tools/places/present_places.py	_bind_or_reject_discovery	2	keep
backend/app/services/agent/tools/places/present_places.py	_destination_selection_replay_allowed	2	keep
backend/app/services/agent/tools/places/present_places.py	_destination_selection_goal	2	keep
backend/app/services/agent/tools/places/present_places.py	_selected_places	2	keep
backend/app/services/agent/tools/places/present_places.py	_owned_place_index	2	keep
backend/app/services/agent/tools/places/present_places.py	_repeated_selections	2	keep
backend/app/services/agent/tools/places/present_places.py	_research_claim_error	2	keep
backend/app/services/agent/tools/places/present_places.py	_apply_repeat_presentation_rules	2	keep
backend/app/services/agent/tools/places/present_places.py	_details_repeat_error	2	keep
backend/app/services/agent/tools/places/present_places.py	_emit_place_presentation	2	keep
backend/app/services/agent/tools/places/present_places.py	_presented_refs	3	keep
backend/app/services/agent/tools/places/present_places.py	_already_shown_result	2	keep
backend/app/services/agent/tools/places/present_places.py	_mark_place_goal_satisfied	2	keep
backend/app/services/agent/tools/places/present_places.py	_place_presentation_events	2	keep
backend/app/services/agent/tools/places/present_places.py	_queue_presentation	2	keep
backend/app/services/agent/tools/places/present_places.py	_live_queue_observations	2	keep
backend/app/services/agent/tools/places/present_places.py	_queue_note_for_place	2	keep
backend/app/services/agent/tools/places/present_places.py	_unsupported_queue_note	2	keep
backend/app/services/agent/tools/places/present_places.py	_missing_live_queue_note	2	keep
backend/app/services/agent/tools/places/present_places.py	_presentation_time	2	keep
backend/app/services/agent/tools/places/present_places.py	_historical_pattern	6	keep
backend/app/services/agent/tools/places/present_places.py	_current_queue_note	2	keep
backend/app/services/agent/tools/places/present_places.py	_historical_note	3	keep
backend/app/services/agent/tools/places/present_places.py	_number	7	keep
backend/app/services/agent/tools/places/present_places.py	_clock_time	2	keep
backend/app/services/agent/tools/places/present_places.py	_hour_time	2	keep
backend/app/services/agent/tools/places/present_places.py	_calendar_date	2	keep
backend/app/services/agent/tools/places/present_places.py	_goal_is_unresolved	5	keep
backend/app/services/agent/tools/places/present_places.py	_coverage_note	5	keep
backend/app/services/agent/tools/places/present_places.py	_validated_selections	2	keep
backend/app/services/agent/tools/places/present_places.py	_admitted_selection	2	keep
backend/app/services/agent/tools/places/present_places.py	_normalize_reasons	2	keep
backend/app/services/agent/tools/places/present_places.py	_objective_reason_holds	2	keep
backend/app/services/agent/tools/places/present_places.py	_is_extreme	5	keep
backend/app/services/agent/tools/places/present_places.py	_finite	7	keep
backend/app/services/agent/tools/places/present_places.py	_facts	7	keep
backend/app/services/agent/tools/places/search_local_places.py	_LOGGER	31	keep
backend/app/services/agent/tools/places/search_local_places.py	_POI_RADIUS_M	3	keep
backend/app/services/agent/tools/places/search_local_places.py	_NYC_CENTER_LAT	2	keep
backend/app/services/agent/tools/places/search_local_places.py	_NYC_CENTER_LNG	2	keep
backend/app/services/agent/tools/places/search_local_places.py	_NYC_WIDE_RADIUS_M	2	keep
backend/app/services/agent/tools/places/search_local_places.py	_DEFAULT_PROVIDER_RESULTS	3	keep
backend/app/services/agent/tools/places/search_local_places.py	_MIN_PROVIDER_RESULTS	2	keep
backend/app/services/agent/tools/places/search_local_places.py	_MAX_PROVIDER_RESULTS	2	keep
backend/app/services/agent/tools/places/search_local_places.py	_COORD_RE	2	keep
backend/app/services/agent/tools/places/search_local_places.py	_OPEN_BONUS	2	keep
backend/app/services/agent/tools/places/search_local_places.py	_finite	7	keep
backend/app/services/agent/tools/places/search_local_places.py	_finite_or_none	4	keep
backend/app/services/agent/tools/places/search_local_places.py	_resolve_api_key	2	keep
backend/app/services/agent/tools/places/search_local_places.py	_resolve_bias	3	keep
backend/app/services/agent/tools/places/search_local_places.py	_clamp_provider_results	2	keep
backend/app/services/agent/tools/places/search_local_places.py	_search_request_body	2	keep
backend/app/services/agent/tools/places/search_local_places.py	_nyc_provider_place	2	keep
backend/app/services/agent/tools/places/search_local_places.py	_nyc_place_coordinates	2	keep
backend/app/services/agent/tools/places/search_local_places.py	_nyc_provider_places	2	keep
backend/app/services/agent/tools/places/search_local_places.py	_next_page_token	2	keep
backend/app/services/agent/tools/places/search_local_places.py	_provider_search	24	keep
backend/app/services/agent/tools/places/search_local_places.py	_coverage	8	keep
backend/app/services/agent/tools/places/search_local_places.py	_target_accepts_place	3	keep
backend/app/services/agent/tools/places/search_local_places.py	_search_targets	3	keep
backend/app/services/agent/tools/places/search_local_places.py	_normalize_discovery_place	2	keep
backend/app/services/agent/tools/places/search_local_places.py	_model_place	2	keep
backend/app/services/agent/tools/places/search_local_places.py	_provider_places	3	keep
backend/app/services/agent/tools/places/search_local_places.py	_merged_timings	6	keep
backend/app/services/agent/tools/provider_http.py	_http_status_reason	2	keep
backend/app/services/agent/tools/route/preparation_adapter.py	_route_with_recovery	5	keep
backend/app/services/agent/tools/route/preparation_adapter.py	_derive_arrive_by_departure	2	keep
backend/app/services/agent/tools/route/preparation_adapter.py	_as_tool_result	2	keep
backend/app/services/agent/tools/route/prepare_route_branches.py	_branch_candidate_groups	3	keep
backend/app/services/agent/tools/route/prepare_route_branches.py	_final_branch_rank	6	keep
backend/app/services/agent/tools/route/prepare_route_branches.py	_mandatory_branch_indexes	2	keep
backend/app/services/agent/tools/route/prepare_route_branches.py	_fill_valid_branch_budget	2	keep
backend/app/services/agent/tools/route/prepare_route_branches.py	_best_stage_a_branch_times	2	keep
backend/app/services/agent/tools/route/prepare_route_branches.py	_reasonable_branch_ids	2	keep
backend/app/services/agent/tools/route/prepare_route_branches.py	_branch_key	3	keep
backend/app/services/agent/tools/route/prepare_route_branches.py	_canonical_stage_a_key	4	keep
backend/app/services/agent/tools/route/prepare_route_branches.py	_destination_distance_meters	2	keep
backend/app/services/agent/tools/route/prepare_route_branches.py	_finite_nonnegative	3	keep
backend/app/services/agent/tools/route/prepare_route_branches.py	_finite_coordinate	7	keep
backend/app/services/agent/tools/route/prepare_route_branches.py	_resolve_comparison_branches	2	keep
backend/app/services/agent/tools/route/prepare_route_branches.py	_validated_branch_ids	2	keep
backend/app/services/agent/tools/route/prepare_route_branches.py	_resolve_branch_options	2	keep
backend/app/services/agent/tools/route/prepare_route_branches.py	_verified_discovery_ids	2	keep
backend/app/services/agent/tools/route/prepare_route_branches.py	_expanded_branch_ids	2	keep
backend/app/services/agent/tools/route/prepare_route_branches.py	_session_id	41	keep
backend/app/services/agent/tools/route/prepare_route_options.py	_validate_goal_key	4	keep
backend/app/services/agent/tools/route/prepare_route_options.py	_apply_destination_branch_input	2	keep
backend/app/services/agent/tools/route/prepare_route_options.py	_admit_route_preparation	2	keep
backend/app/services/agent/tools/route/prepare_route_options.py	_route_snapshot_identity	2	keep
backend/app/services/agent/tools/route/prepare_route_options.py	_finalize_prepared_aggregate	2	keep
backend/app/services/agent/tools/route/prepare_route_options.py	_resolve_destination_state	2	keep
backend/app/services/agent/tools/route/prepare_route_options.py	_resolve_waypoint_state	2	keep
backend/app/services/agent/tools/route/prepare_route_options.py	_prepare_route_request	2	keep
backend/app/services/agent/tools/route/prepare_route_options.py	_finalize_branch_candidates	2	keep
backend/app/services/agent/tools/route/prepare_route_options.py	_selected_branch_place_ids	2	keep
backend/app/services/agent/tools/route/prepare_route_options.py	_exclude_unselected_branches	2	keep
backend/app/services/agent/tools/route/prepare_route_options.py	_rebuild_selected_aggregate	2	keep
backend/app/services/agent/tools/route/prepare_route_options.py	_prepare_multi_stop	10	keep
backend/app/services/agent/tools/route/prepare_route_options.py	_prepare_segment	2	keep
backend/app/services/agent/tools/route/prepare_route_persistence.py	_prepared_candidate_result	2	keep
backend/app/services/agent/tools/route/prepare_route_persistence.py	_candidate_surface	2	keep
backend/app/services/agent/tools/route/prepare_route_persistence.py	_destination_identity	5	keep
backend/app/services/agent/tools/route/prepare_route_persistence.py	_with_opaque_identity	2	keep
backend/app/services/agent/tools/route/prepare_route_persistence.py	_opaque_id	3	keep
backend/app/services/agent/tools/route/prepare_route_persistence.py	_place_match_key	3	keep
backend/app/services/agent/tools/route/prepare_route_persistence.py	_provider_match_id	3	keep
backend/app/services/agent/tools/route/prepare_route_persistence.py	_finite_coordinate	7	keep
backend/app/services/agent/tools/route/prepare_route_persistence.py	_build_digests	2	keep
backend/app/services/agent/tools/route/prepare_route_persistence.py	_digest_for_candidate	2	keep
backend/app/services/agent/tools/route/prepare_route_persistence.py	_digest_soft_preferences	2	keep
backend/app/services/agent/tools/route/prepare_route_persistence.py	_candidate_set_payload	2	keep
backend/app/services/agent/tools/route/prepare_route_persistence.py	_snapshot_route_identity	2	keep
backend/app/services/agent/tools/route/prepare_route_persistence.py	_update_trip_state	2	keep
backend/app/services/agent/tools/route/prepare_route_persistence.py	_bind_active_trip	2	keep
backend/app/services/agent/tools/route/prepare_route_persistence.py	_bind_destination_discovery	2	keep
backend/app/services/agent/tools/route/prepare_route_persistence.py	_public_identity	2	keep
backend/app/services/agent/tools/route/prepare_route_persistence.py	_public_comparison	2	keep
backend/app/services/agent/tools/route/prepare_route_persistence.py	_public_timing	2	keep
backend/app/services/agent/tools/route/prepare_route_persistence.py	_public_service_chain	2	keep
backend/app/services/agent/tools/route/prepare_route_persistence.py	_public_hard_constraints	2	keep
backend/app/services/agent/tools/route/prepare_route_persistence.py	_public_service_conditions	2	keep
backend/app/services/agent/tools/route/prepare_route_persistence.py	_public_soft_preferences	2	keep
backend/app/services/agent/tools/route/prepare_route_persistence.py	_public_event_impact	2	keep
backend/app/services/agent/tools/route/prepare_route_persistence.py	_public_branch_coverage	2	keep
backend/app/services/agent/tools/route/prepare_route_persistence.py	_public_branch_row	2	keep
backend/app/services/agent/tools/route/prepare_route_persistence.py	_public_text	5	keep
backend/app/services/agent/tools/route/prepare_route_persistence.py	_public_stage_a_factors	2	keep
backend/app/services/agent/tools/route/prepare_route_persistence.py	_public_stage_a_row	2	keep
backend/app/services/agent/tools/route/present_route.py	_REPLAY_LEAD_IN	2	keep
backend/app/services/agent/tools/route/present_route.py	_present_fresh_route	2	keep
backend/app/services/agent/tools/route/present_route.py	_project	10	keep
backend/app/services/agent/tools/route/present_route.py	_accepted_route_replay	2	keep
backend/app/services/agent/tools/route/present_route.py	_replay_route_goal	2	keep
backend/app/services/agent/tools/route/present_route.py	_selected_candidate_id	2	keep
backend/app/services/agent/tools/route/present_route.py	_replay_result	2	keep
backend/app/services/agent/tools/route/present_route.py	_ROUTE_REASON_CODES	3	keep
backend/app/services/agent/tools/route/present_route.py	_UNSAFE_ROUTE_FRAMING_RE	2	keep
backend/app/services/agent/tools/route/present_route.py	_GENERIC_ROUTE_FRAMING_RE	2	keep
backend/app/services/agent/tools/route/present_route.py	_GENERIC_QUALIFIER_RE	2	keep
backend/app/services/agent/tools/route/present_route.py	_UNGROUNDED_SUCCESS_RE	2	keep
backend/app/services/agent/tools/route/present_route.py	_NEUTRAL_ROUTE_FALLBACK	2	keep
backend/app/services/agent/tools/route/present_route.py	_selection_correction_error	2	keep
backend/app/services/agent/tools/route/present_route.py	_requested_framing	2	keep
backend/app/services/agent/tools/route/present_route.py	_incident_metadata	2	keep
backend/app/services/agent/tools/route/present_route.py	_parsed_reason_code	2	keep
backend/app/services/agent/tools/route/present_route.py	_framing_correction	2	keep
backend/app/services/agent/tools/route/present_route.py	_apply_selection_framing	2	keep
backend/app/services/agent/tools/route/present_route.py	_presentation_from_framing	2	keep
backend/app/services/agent/tools/route/present_route.py	_deterministic_fallback	2	keep
backend/app/services/agent/tools/route/present_route.py	_route_reason_error	2	keep
backend/app/services/agent/tools/route/present_route.py	_generic_framing_error	2	keep
backend/app/services/agent/tools/route/present_route.py	_structured_reason_claim_error	2	keep
backend/app/services/agent/tools/route/present_route.py	_bound_reason_lead_in	3	keep
backend/app/services/agent/tools/route/present_route.py	_request_decision_correction	3	keep
backend/app/services/agent/tools/route/present_route.py	_route_framing_error	2	keep
backend/app/services/agent/tools/route/present_route.py	_supported_reason_codes	12	keep
backend/app/services/agent/tools/route/present_route.py	_crowd_limitation	2	keep
backend/app/services/agent/tools/route/present_route_commit.py	_bind_presented_route	2	keep
backend/app/services/agent/tools/route/present_route_commit.py	_bind_what_if_route	2	keep
backend/app/services/agent/tools/route/present_route_commit.py	_accepted_destination_label	3	keep
backend/app/services/agent/tools/route/present_route_commit.py	_opaque_discovery_place_ids	3	keep
backend/app/services/agent/tools/route/present_route_commit.py	_owned_place_id	3	keep
backend/app/services/agent/tools/route/present_route_commit.py	_candidate_discovery_place_id	2	keep
backend/app/services/agent/tools/route/present_route_commit.py	_requires_discovery_destination_binding	2	keep
backend/app/services/agent/tools/route/present_route_state.py	_canonical_owned_fields	2	keep
backend/app/services/agent/tools/route/present_route_state.py	_unsatisfied_constraint_error	2	keep
backend/app/services/agent/tools/route/present_route_state.py	_owned_endpoint_places	2	keep
backend/app/services/agent/tools/route/present_route_state.py	_has_selected_score	2	keep
backend/app/services/agent/tools/route/present_route_state.py	_destination_identity_groups	2	keep
backend/app/services/agent/tools/route/present_route_state.py	_opaque_id_set	2	keep
backend/app/services/agent/tools/route/present_route_state.py	_candidate_destination_ids	2	keep
backend/app/services/agent/tools/route/present_route_state.py	_branch_place_ids	2	keep
backend/app/services/agent/tools/route/present_route_state.py	_candidate_binding	2	keep
backend/app/services/agent/tools/route/present_route_state.py	_presentation_identity	4	keep
backend/app/services/agent/tools/route/present_route_state.py	_candidate_set_ownership_error	2	keep
backend/app/services/agent/tools/route/present_route_state.py	_load_candidate_entry	2	keep
backend/app/services/agent/tools/route/present_route_state.py	_candidate_membership_error	2	keep
backend/app/services/agent/tools/route/present_route_state.py	_parsed_chosen_route	2	keep
backend/app/services/agent/tools/route/present_route_state.py	_temporary_preview	2	keep
backend/app/services/agent/tools/route/present_route_state.py	_route_goal_key	2	keep
backend/app/services/agent/tools/route/present_route_state.py	_load_canonical_candidate	2	keep
backend/app/services/agent/tools/route/present_route_state.py	_place_from_dict	3	keep
backend/app/services/agent/tools/route/present_route_state.py	_candidate_evidence	2	keep
backend/app/services/agent/tools/route/present_route_state.py	_legacy_candidate_evidence	2	keep
backend/app/services/agent/tools/route/present_route_state.py	_event_impacts_for_index	2	keep
backend/app/services/agent/tools/route/present_route_state.py	_EnvelopeShim	2	keep
backend/app/services/agent/tools/route/route_input.py	_RIDER_LOCATION_REFERENCES	2	keep
backend/app/services/agent/tools/route/route_input.py	_canonical_origin_reference	2	keep
backend/app/services/agent/tools/route/route_input.py	_merged_destination	2	keep
backend/app/services/agent/tools/route/route_input.py	_merged_waypoints	2	keep
backend/app/services/agent/tools/route/route_input.py	_routing_preference	2	keep
backend/app/services/agent/tools/route/route_input.py	_turn_or_persisted_source	2	keep
backend/app/services/agent/tools/route/route_input.py	_merged_accessibility_required	2	keep
backend/app/services/agent/tools/route/route_input.py	_apply_active_preference_patch	2	keep
backend/app/services/agent/tools/route/route_input.py	_apply_persisted_trip_constraints	2	keep
backend/app/services/agent/tools/route/route_input.py	_mode_preferences	2	keep
backend/app/services/agent/tools/route/route_input.py	_explicit_bool	4	keep
backend/app/services/agent/tools/route/route_projection.py	_INCOMPLETE_PATTERNS	2	keep
backend/app/services/agent/tools/route/route_projection.py	_PASSENGER_DECISION_FIELDS	2	keep
backend/app/services/agent/tools/route/route_projection.py	_TRANSIT_MODES	2	keep
backend/app/services/agent/tools/route/route_projection.py	_emit_recommended_card	2	keep
backend/app/services/agent/tools/route/route_projection.py	_canonical_card_core	2	keep
backend/app/services/agent/tools/route/route_projection.py	_selection_projection	2	keep
backend/app/services/agent/tools/route/route_projection.py	_project_card_endpoints	2	keep
backend/app/services/agent/tools/route/route_projection.py	_project_card_itinerary	2	keep
backend/app/services/agent/tools/route/route_projection.py	_card_surfaces	2	keep
backend/app/services/agent/tools/route/route_projection.py	_card_digest	2	keep
backend/app/services/agent/tools/route/route_projection.py	_route_card_event	2	keep
backend/app/services/agent/tools/route/route_projection.py	_boarding_context	2	keep
backend/app/services/agent/tools/route/route_projection.py	_boarding_inputs	2	keep
backend/app/services/agent/tools/route/route_projection.py	_merge_canonical_boarding	2	keep
backend/app/services/agent/tools/route/route_projection.py	_session_card	2	keep
backend/app/services/agent/tools/route/route_projection.py	_event_digest	2	keep
backend/app/services/agent/tools/route/route_projection.py	_mentions_incomplete	2	keep
backend/app/services/agent/tools/route/route_projection.py	_strip_incomplete	2	keep
backend/app/services/agent/tools/route/route_projection.py	_selected_digest_destination_place_id	2	keep
backend/app/services/agent/tools/route/route_projection.py	_selected_digest_destination_name	2	keep
backend/app/services/agent/tools/route/route_projection.py	_validated_pattern_context	2	keep
backend/app/services/agent/tools/route/route_projection.py	_pattern_matches_headsign	2	keep
backend/app/services/agent/tools/transit/accessibility_status.py	_POSSIBLE_LIST_KEYS	2	keep
backend/app/services/agent/tools/transit/accessibility_status.py	_STATION_TOKEN_MAP	4	keep
backend/app/services/agent/tools/transit/accessibility_status.py	_normalize_station	5	keep
backend/app/services/agent/tools/transit/accessibility_status.py	_station_matches	2	keep
backend/app/services/agent/tools/transit/accessibility_status.py	_extract_outage_records	2	keep
backend/app/services/agent/tools/transit/accessibility_status.py	_records_from_list	4	keep
backend/app/services/agent/tools/transit/accessibility_status.py	_records_from_mapping	2	keep
backend/app/services/agent/tools/transit/accessibility_status.py	_read_cached_feed	2	keep
backend/app/services/agent/tools/transit/accessibility_status.py	_fetch_feed	2	keep
backend/app/services/agent/tools/transit/accessibility_status.py	_equipment_type	3	keep
backend/app/services/agent/tools/transit/accessibility_status.py	_matched_outages	2	keep
backend/app/services/agent/tools/transit/accessibility_status.py	_accessibility_result	2	keep
backend/app/services/agent/tools/transit/check_area_conditions.py	_NYC_TZ	10	keep
backend/app/services/agent/tools/transit/check_area_conditions.py	_MAX_NEARBY_STOPS	2	keep
backend/app/services/agent/tools/transit/check_area_conditions.py	_AREA_STOP_RADIUS_M	2	keep
backend/app/services/agent/tools/transit/check_area_conditions.py	_MAX_EVENTS	4	keep
backend/app/services/agent/tools/transit/check_area_conditions.py	_MAX_INCIDENTS	3	keep
backend/app/services/agent/tools/transit/check_area_conditions.py	_TRUTHFUL_INCIDENT_STATUSES	2	keep
backend/app/services/agent/tools/transit/check_area_conditions.py	_LOOKUP_METADATA_KEYS	2	keep
backend/app/services/agent/tools/transit/check_area_conditions.py	_BROAD_AREA_INPUTS	3	keep
backend/app/services/agent/tools/transit/check_area_conditions.py	_BROAD_AREA_MESSAGE	3	keep
backend/app/services/agent/tools/transit/check_area_conditions.py	_OUTSIDE_NYC_KNOWN_PLACES	2	keep
backend/app/services/agent/tools/transit/check_area_conditions.py	_OUTSIDE_AREA_MESSAGE	4	keep
backend/app/services/agent/tools/transit/check_area_conditions.py	_area_key	4	keep
backend/app/services/agent/tools/transit/check_area_conditions.py	_parse_at	2	keep
backend/app/services/agent/tools/transit/check_area_conditions.py	_coordinate_key	5	keep
backend/app/services/agent/tools/transit/check_area_conditions.py	_is_nyc_area	2	keep
backend/app/services/agent/tools/transit/check_area_conditions.py	_nearby_stop_context	2	keep
backend/app/services/agent/tools/transit/check_area_conditions.py	_safe_events	2	keep
backend/app/services/agent/tools/transit/check_area_conditions.py	_safe_incidents	3	keep
backend/app/services/agent/tools/transit/check_area_conditions.py	_incident_display_row	2	keep
backend/app/services/agent/tools/transit/check_area_conditions.py	_display_incidents	4	keep
backend/app/services/agent/tools/transit/check_area_conditions.py	_safe_sources	4	keep
backend/app/services/agent/tools/transit/check_area_conditions.py	_incident_evidence	8	keep
backend/app/services/agent/tools/transit/check_area_conditions.py	_SCALAR_LOOKUP_METADATA	2	keep
backend/app/services/agent/tools/transit/check_area_conditions.py	_copy_lookup_metadata	2	keep
backend/app/services/agent/tools/transit/check_area_conditions.py	_event_evidence	2	keep
backend/app/services/agent/tools/transit/check_area_conditions.py	_UNSCANNED_INCIDENT_RESULT	2	keep
backend/app/services/agent/tools/transit/check_area_conditions.py	_admit_area_query	2	keep
backend/app/services/agent/tools/transit/check_area_conditions.py	_area_provider_results	2	keep
backend/app/services/agent/tools/transit/check_area_conditions.py	_area_conditions_result	2	keep
backend/app/services/agent/tools/transit/check_transit.py	_complete_direction	2	keep
backend/app/services/agent/tools/transit/check_transit.py	_is_unproven_accepted_headsign	2	keep
backend/app/services/agent/tools/transit/check_transit.py	_accepted_trip_rows	2	keep
backend/app/services/agent/tools/transit/check_transit.py	_row_echoes_headsign	2	keep
backend/app/services/agent/tools/transit/check_transit.py	_candidate_direction	3	keep
backend/app/services/agent/tools/transit/check_transit.py	_active_candidate_record	2	keep
backend/app/services/agent/tools/transit/check_transit.py	_matching_candidate_resolutions	2	keep
backend/app/services/agent/tools/transit/check_transit.py	_unique_authoritative_direction	2	keep
backend/app/services/agent/tools/transit/check_transit.py	_candidate_leg_resolutions	2	keep
backend/app/services/agent/tools/transit/check_transit.py	_candidate_digest_legs	2	keep
backend/app/services/agent/tools/transit/check_transit.py	_resolutions_from_legs	2	keep
backend/app/services/agent/tools/transit/check_transit.py	_is_matching_transit_leg	2	keep
backend/app/services/agent/tools/transit/check_transit.py	_candidate_leg_direction	2	keep
backend/app/services/agent/tools/transit/check_transit.py	_direction_key	2	keep
backend/app/services/agent/tools/transit/check_transit.py	_merged_arrivals_result	2	keep
backend/app/services/agent/tools/transit/check_transit.py	_admit_accessibility_binding	2	keep
backend/app/services/agent/tools/transit/check_transit.py	_accessibility_mismatch	2	keep
backend/app/services/agent/tools/transit/check_transit.py	_stamp_accessibility_provenance	2	keep
backend/app/services/agent/tools/transit/check_transit.py	_accessibility_provenance	2	keep
backend/app/services/agent/tools/transit/check_transit.py	_TEXT_FIELDS	2	keep
backend/app/services/agent/tools/transit/check_transit.py	_text	112	keep
backend/app/services/agent/tools/transit/check_transit.py	_route_ids	14	keep
backend/app/services/agent/tools/transit/check_transit.py	_direction_needs_clarification	2	keep
backend/app/services/agent/tools/transit/check_transit.py	_wrap	3	keep
backend/app/services/agent/tools/transit/check_transit.py	_unready_outcome	2	keep
backend/app/services/agent/tools/transit/check_transit.py	_note_transit	3	keep
backend/app/services/agent/tools/transit/check_transit.py	_merged_timings	6	keep
backend/app/services/agent/tools/transit/check_transit.py	_concerns	4	keep
backend/app/services/agent/tools/transit/direction.py	_DIRECTION_ALIASES	2	keep
backend/app/services/agent/tools/transit/direction.py	_CONTEXT_VALUE_KEYS	2	keep
backend/app/services/agent/tools/transit/direction.py	_HEADSIGN_CONTEXT_KEYS	2	keep
backend/app/services/agent/tools/transit/direction.py	_match_context_value	2	keep
backend/app/services/agent/tools/transit/direction.py	_row_context_match	2	keep
backend/app/services/agent/tools/transit/direction.py	_route_contexts	3	keep
backend/app/services/agent/tools/transit/direction.py	_session_route_contexts	2	keep
backend/app/services/agent/tools/transit/direction.py	_gtfs_pattern_contexts	2	keep
backend/app/services/agent/tools/transit/direction.py	_route_pattern_contexts	2	keep
backend/app/services/agent/tools/transit/direction.py	_pattern_context	2	keep
backend/app/services/agent/tools/transit/direction.py	_active_canonical_itinerary	3	keep
backend/app/services/agent/tools/transit/direction.py	_itinerary_contexts	3	keep
backend/app/services/agent/tools/transit/direction.py	_context_direction	6	keep
backend/app/services/agent/tools/transit/direction.py	_has_ordered_endpoints	2	keep
backend/app/services/agent/tools/transit/direction.py	_geometry_direction	2	keep
backend/app/services/agent/tools/transit/direction.py	_stop_coords	5	keep
backend/app/services/agent/tools/transit/direction.py	_boarding_direction	2	keep
backend/app/services/agent/tools/transit/direction.py	_itinerary_direction	2	keep
backend/app/services/agent/tools/transit/direction.py	_resolve_context_label	3	keep
backend/app/services/agent/tools/transit/direction.py	_semantic_direction	3	keep
backend/app/services/agent/tools/transit/direction.py	_same_ordered_segment	2	keep
backend/app/services/agent/tools/transit/direction.py	_endpoint_ids	2	keep
backend/app/services/agent/tools/transit/evidence.py	_EvidenceAccumulator	3	keep
backend/app/services/agent/tools/transit/evidence.py	_reused_evidence_set	2	keep
backend/app/services/agent/tools/transit/evidence.py	_result_rows	2	keep
backend/app/services/agent/tools/transit/evidence.py	_request_direction	2	keep
backend/app/services/agent/tools/transit/evidence.py	_ingest_result_rows	2	keep
backend/app/services/agent/tools/transit/evidence.py	_store_public_evidence	2	keep
backend/app/services/agent/tools/transit/evidence.py	_transit_evidence_record	2	keep
backend/app/services/agent/tools/transit/evidence.py	_evidence_direction_scope	2	keep
backend/app/services/agent/tools/transit/evidence.py	_persist_public_evidence	2	keep
backend/app/services/agent/tools/transit/evidence.py	_ensure_operation_coverage	2	keep
backend/app/services/agent/tools/transit/evidence.py	_apply_evidence_freshness	2	keep
backend/app/services/agent/tools/transit/evidence.py	_resolved_evidence_direction	2	keep
backend/app/services/agent/tools/transit/evidence.py	_append_evidence_unknowns	2	keep
backend/app/services/agent/tools/transit/evidence.py	_ingest_row_observations	2	keep
backend/app/services/agent/tools/transit/evidence.py	_ingest_operation_row	2	keep
backend/app/services/agent/tools/transit/evidence.py	_ingest_row_signals	2	keep
backend/app/services/agent/tools/transit/evidence.py	_signal_in_scope	2	keep
backend/app/services/agent/tools/transit/evidence.py	_direction_contexts	2	keep
backend/app/services/agent/tools/transit/evidence.py	_service_row	2	keep
backend/app/services/agent/tools/transit/evidence.py	_ingest_service_alerts	2	keep
backend/app/services/agent/tools/transit/evidence.py	_append_unconfirmed_alert	2	keep
backend/app/services/agent/tools/transit/evidence.py	_alert_row_eligible	2	keep
backend/app/services/agent/tools/transit/evidence.py	_record_confirmed_alert	2	keep
backend/app/services/agent/tools/transit/evidence.py	_ingest_service_incidents	2	keep
backend/app/services/agent/tools/transit/evidence.py	_incident_row_eligible	2	keep
backend/app/services/agent/tools/transit/evidence.py	_source_key	2	keep
backend/app/services/agent/tools/transit/evidence.py	_NAMED_SOURCE_OBSERVED	2	keep
backend/app/services/agent/tools/transit/evidence.py	_source_observations	2	keep
backend/app/services/agent/tools/transit/evidence.py	_mapped_observations	2	keep
backend/app/services/agent/tools/transit/evidence.py	_named_source_observations	2	keep
backend/app/services/agent/tools/transit/evidence.py	_accessibility_capture_observation	2	keep
backend/app/services/agent/tools/transit/evidence.py	_observed_value	2	keep
backend/app/services/agent/tools/transit/evidence.py	_is_stalled_vehicle_signal	2	keep
backend/app/services/agent/tools/transit/evidence.py	_has_unscoped_findings	2	keep
backend/app/services/agent/tools/transit/evidence.py	_has_unscoped_signals	2	keep
backend/app/services/agent/tools/transit/evidence.py	_remove_false_all_clear	2	keep
backend/app/services/agent/tools/transit/evidence.py	_incident_route_match	2	keep
backend/app/services/agent/tools/transit/evidence.py	_arrival_row	2	keep
backend/app/services/agent/tools/transit/evidence.py	_arrival_group_items	2	keep
backend/app/services/agent/tools/transit/evidence_binding.py	_STATION_ENTITY_TYPES	2	keep
backend/app/services/agent/tools/transit/evidence_binding.py	_MODE_ENTITY_TYPES	2	keep
backend/app/services/agent/tools/transit/evidence_binding.py	_NAME_TOKEN_MAP	2	keep
backend/app/services/agent/tools/transit/evidence_binding.py	_OFFICIAL_ALERT_SOURCE	5	keep
backend/app/services/agent/tools/transit/evidence_binding.py	_ALERT_LIMIT	3	keep
backend/app/services/agent/tools/transit/evidence_binding.py	_ROW_LIMIT	3	keep
backend/app/services/agent/tools/transit/evidence_binding.py	_text	112	keep
backend/app/services/agent/tools/transit/evidence_binding.py	_accepted_itinerary	2	keep
backend/app/services/agent/tools/transit/evidence_binding.py	_select_accessibility_station	2	keep
backend/app/services/agent/tools/transit/evidence_binding.py	_accessibility_binding	2	keep
backend/app/services/agent/tools/transit/evidence_binding.py	_unmatched_accessibility_error	2	keep
backend/app/services/agent/tools/transit/evidence_binding.py	_itinerary_accessibility_entities	2	keep
backend/app/services/agent/tools/transit/evidence_binding.py	_leg_endpoint_entities	2	keep
backend/app/services/agent/tools/transit/evidence_binding.py	_leg_stop_entities	2	keep
backend/app/services/agent/tools/transit/evidence_binding.py	_entity	3	keep
backend/app/services/agent/tools/transit/evidence_binding.py	_matching_entities	2	keep
backend/app/services/agent/tools/transit/evidence_binding.py	_name_matches	5	keep
backend/app/services/agent/tools/transit/evidence_binding.py	_normalized_name	25	keep
backend/app/services/agent/tools/transit/evidence_binding.py	_route_values	11	keep
backend/app/services/agent/tools/transit/evidence_binding.py	_StatusEvidenceAdmission	3	keep
backend/app/services/agent/tools/transit/evidence_binding.py	_admit_status_evidence	2	keep
backend/app/services/agent/tools/transit/evidence_binding.py	_status_evidence_outcome	2	keep
backend/app/services/agent/tools/transit/evidence_binding.py	_status_evidence_matches	2	keep
backend/app/services/agent/tools/transit/evidence_binding.py	_status_match_for_candidate	2	keep
backend/app/services/agent/tools/transit/evidence_binding.py	_candidate_overlaps_requested	2	keep
backend/app/services/agent/tools/transit/evidence_binding.py	_candidate_alert_envelope	2	keep
backend/app/services/agent/tools/transit/evidence_binding.py	_official_alert_rows	3	keep
backend/app/services/agent/tools/transit/evidence_binding.py	_official_alert_ids	2	keep
backend/app/services/agent/tools/transit/evidence_binding.py	_alert_ids	4	keep
backend/app/services/agent/tools/transit/evidence_binding.py	_alert_envelope	2	keep
backend/app/services/agent/tools/transit/evidence_binding.py	_decision_status_data	2	keep
backend/app/services/agent/tools/transit/evidence_binding.py	_collect_status_findings	2	keep
backend/app/services/agent/tools/transit/evidence_binding.py	_append_unique_alerts	2	keep
backend/app/services/agent/tools/transit/evidence_binding.py	_append_unique_incidents	2	keep
backend/app/services/agent/tools/transit/evidence_binding.py	_append_unique_signals	2	keep
backend/app/services/agent/tools/transit/evidence_binding.py	_merge_coverage	3	keep
backend/app/services/agent/tools/transit/evidence_binding.py	_incident_projection	2	keep
backend/app/services/agent/tools/transit/evidence_binding.py	_signal_projection	2	keep
backend/app/services/agent/tools/transit/evidence_matching.py	_TYPED_CONCERN_FIELDS	2	keep
backend/app/services/agent/tools/transit/evidence_matching.py	_TYPED_CONCERN_ALIASES	2	keep
backend/app/services/agent/tools/transit/evidence_matching.py	_PROVIDER_TEXT_CONCERN_PHRASES	2	keep
backend/app/services/agent/tools/transit/evidence_matching.py	_typed_concern_values	2	keep
backend/app/services/agent/tools/transit/evidence_matching.py	_typed_concern_matches	2	keep
backend/app/services/agent/tools/transit/evidence_matching.py	_concern_tag	3	keep
backend/app/services/agent/tools/transit/evidence_matching.py	_provider_scalar_text	2	keep
backend/app/services/agent/tools/transit/evidence_projection.py	_safe_direction_groups	2	keep
backend/app/services/agent/tools/transit/evidence_projection.py	_safe_group_arrivals	2	keep
backend/app/services/agent/tools/transit/evidence_projection.py	_safe_catchability	2	keep
backend/app/services/agent/tools/transit/evidence_projection.py	_positive_arrival_minutes	2	keep
backend/app/services/agent/tools/transit/evidence_projection.py	_integer	4	keep
backend/app/services/agent/tools/transit/evidence_projection.py	_fact_fields	2	keep
backend/app/services/agent/tools/transit/evidence_projection.py	_area_condition_fields	2	keep
backend/app/services/agent/tools/transit/evidence_projection.py	_event_schedule_fields	2	keep
backend/app/services/agent/tools/transit/evidence_projection.py	_venue_crowd_fields	2	keep
backend/app/services/agent/tools/transit/evidence_projection.py	_accessibility_binding_row	2	keep
backend/app/services/agent/tools/transit/evidence_projection.py	_accessibility_subject	2	keep
backend/app/services/agent/tools/transit/evidence_projection.py	_area_conditions_text	2	keep
backend/app/services/agent/tools/transit/evidence_projection.py	_event_schedule_text	2	keep
backend/app/services/agent/tools/transit/evidence_projection.py	_venue_crowd_text	2	keep
backend/app/services/agent/tools/transit/evidence_projection.py	_named_lines	3	keep
backend/app/services/agent/tools/transit/evidence_projection.py	_event_lines	2	keep
backend/app/services/agent/tools/transit/evidence_projection.py	_event_start_text	2	keep
backend/app/services/agent/tools/transit/evidence_projection.py	_arrival_gap_text	2	keep
backend/app/services/agent/tools/transit/evidence_projection.py	_safe_named_item	4	keep
backend/app/services/agent/tools/transit/evidence_projection.py	_evidence_status	3	keep
backend/app/services/agent/tools/transit/evidence_projection.py	_safe_binding	2	keep
backend/app/services/agent/tools/transit/evidence_projection.py	_default_signal_kind	2	keep
backend/app/services/agent/tools/transit/evidence_projection.py	_signal_observed_at	2	keep
backend/app/services/agent/tools/transit/evidence_store.py	_load_record	3	keep
backend/app/services/agent/tools/transit/lookup_arrivals_bus.py	_BusStopAdmission	3	keep
backend/app/services/agent/tools/transit/lookup_arrivals_bus.py	_with_timings	5	keep
backend/app/services/agent/tools/transit/lookup_arrivals_bus.py	_empty_bus_result	4	keep
backend/app/services/agent/tools/transit/lookup_arrivals_bus.py	_admit_bus_stop	2	keep
backend/app/services/agent/tools/transit/lookup_arrivals_bus.py	_bus_row_matches	2	keep
backend/app/services/agent/tools/transit/lookup_arrivals_bus.py	_grouped_bus_predictions	2	keep
backend/app/services/agent/tools/transit/lookup_arrivals_bus.py	_bus_row_stop_id	3	keep
backend/app/services/agent/tools/transit/lookup_arrivals_bus.py	_bus_stop_record	7	keep
backend/app/services/agent/tools/transit/lookup_arrivals_bus.py	_bus_predictions_by_direction	2	keep
backend/app/services/agent/tools/transit/lookup_arrivals_common.py	_STATION_ALIASES	2	keep
backend/app/services/agent/tools/transit/lookup_arrivals_common.py	_normalized_name	25	keep
backend/app/services/agent/tools/transit/lookup_arrivals_common.py	_active_boarding	7	keep
backend/app/services/agent/tools/transit/lookup_arrivals_common.py	_location	26	keep
backend/app/services/agent/tools/transit/lookup_arrivals_common.py	_normalize_direction	11	keep
backend/app/services/agent/tools/transit/lookup_arrivals_common.py	_direction_from_boarding	5	keep
backend/app/services/agent/tools/transit/lookup_arrivals_common.py	_direction_value_matches	4	keep
backend/app/services/agent/tools/transit/lookup_arrivals_common.py	_dedupe_predictions	6	keep
backend/app/services/agent/tools/transit/lookup_arrivals_common.py	_empty_payload	5	keep
backend/app/services/agent/tools/transit/lookup_arrivals_common.py	_DIRECTION_GROUP_LABELS	2	keep
backend/app/services/agent/tools/transit/lookup_arrivals_common.py	_direction_groups	2	keep
backend/app/services/agent/tools/transit/lookup_arrivals_common.py	_group_arrival_predictions	2	keep
backend/app/services/agent/tools/transit/lookup_arrivals_common.py	_arrival_payload	7	keep
backend/app/services/agent/tools/transit/lookup_arrivals_subway.py	_LOGGER	31	keep
backend/app/services/agent/tools/transit/lookup_arrivals_subway.py	_served_stops	3	keep
backend/app/services/agent/tools/transit/lookup_arrivals_subway.py	_query_stop_matches	2	keep
backend/app/services/agent/tools/transit/lookup_arrivals_subway.py	_boarding_stop	2	keep
backend/app/services/agent/tools/transit/lookup_arrivals_subway.py	_named_or_nearest_stop	2	keep
backend/app/services/agent/tools/transit/lookup_arrivals_subway.py	_resolve_stop	2	keep
backend/app/services/agent/tools/transit/lookup_arrivals_subway.py	_scheduled_fallback	3	keep
backend/app/services/agent/tools/transit/lookup_arrivals_subway.py	_resolved_arrival_stop	2	keep
backend/app/services/agent/tools/transit/lookup_arrivals_subway.py	_arrival_source_bindings	2	keep
backend/app/services/agent/tools/transit/lookup_arrivals_subway.py	_child_stop_ids	2	keep
backend/app/services/agent/tools/transit/lookup_arrivals_subway.py	_collect_feed_predictions	2	keep
backend/app/services/agent/tools/transit/lookup_arrivals_subway.py	_readable_feed_timestamp	2	keep
backend/app/services/agent/tools/transit/lookup_arrivals_subway.py	_matching_feed_rows	2	keep
backend/app/services/agent/tools/transit/lookup_arrivals_subway.py	_scheduled_or_unavailable	2	keep
backend/app/services/agent/tools/transit/lookup_arrivals_subway.py	_grouped_future_predictions	2	keep
backend/app/services/agent/tools/transit/lookup_arrivals_subway.py	_feed_prediction_status	2	keep
backend/app/services/agent/tools/transit/lookup_arrivals_subway.py	_subway_request_scope	2	keep
backend/app/services/agent/tools/transit/lookup_facts.py	_SLUG_RE	2	keep
backend/app/services/agent/tools/transit/lookup_facts.py	_slugify	3	keep
backend/app/services/agent/tools/transit/lookup_facts.py	_load_sections	2	keep
backend/app/services/agent/tools/transit/lookup_facts.py	_find_section	2	keep
backend/app/services/agent/tools/transit/present_transit.py	_PRESENTABLE_OPERATIONS	2	keep
backend/app/services/agent/tools/transit/present_transit.py	_passenger_text	25	keep
backend/app/services/agent/tools/transit/present_transit.py	_arrival_card_events	2	keep
backend/app/services/agent/tools/transit/present_transit.py	_status_token_events	2	keep
backend/app/services/agent/tools/transit/present_transit.py	_should_emit_status_action	2	keep
backend/app/services/agent/tools/transit/present_transit.py	_owned_presentable_evidence	2	keep
backend/app/services/agent/tools/transit/present_transit.py	_presentation_request	2	keep
backend/app/services/agent/tools/transit/present_transit.py	_contract_evidence_error	2	keep
backend/app/services/agent/tools/transit/present_transit.py	_INCOMPLETE_COVERAGE	5	keep
backend/app/services/agent/tools/transit/present_transit.py	_route_names	2	keep
backend/app/services/agent/tools/transit/present_transit.py	_dict_rows	10	keep
backend/app/services/agent/tools/transit/present_transit.py	_status_findings	2	keep
backend/app/services/agent/tools/transit/present_transit.py	_status_target	2	keep
backend/app/services/agent/tools/transit/present_transit.py	_with_decision_continuity	3	keep
backend/app/services/agent/tools/transit/present_transit.py	_direction_status_error	2	keep
backend/app/services/agent/tools/transit/present_transit.py	_systemwide_status_text	2	keep
backend/app/services/agent/tools/transit/present_transit.py	_route_specific_status_text	2	keep
backend/app/services/agent/tools/transit/present_transit.py	_with_direction_caveat	3	keep
backend/app/services/agent/tools/transit/present_transit.py	_systemwide_alert_text	2	keep
backend/app/services/agent/tools/transit/present_transit.py	_systemwide_alert_line	2	keep
backend/app/services/agent/tools/transit/present_transit.py	_systemwide_signal_line	2	keep
backend/app/services/agent/tools/transit/present_transit.py	_confirmed_finding_text	2	keep
backend/app/services/agent/tools/transit/present_transit.py	_is_planned_service_change	4	keep
backend/app/services/agent/tools/transit/present_transit.py	_alert_detail	3	keep
backend/app/services/agent/tools/transit/present_transit.py	_route_status_text	2	keep
backend/app/services/agent/tools/transit/present_transit.py	_sentence	7	keep
backend/app/services/agent/tools/transit/present_transit.py	_with_coverage	6	keep
backend/app/services/agent/tools/transit/present_transit.py	_official_alerts_are_current	3	keep
backend/app/services/agent/tools/transit/present_transit.py	_direction_is_verified	3	keep
backend/app/services/agent/tools/transit/present_transit.py	_finding_matches_direction	2	keep
backend/app/services/agent/tools/transit/present_transit.py	_has_unscoped_items	3	keep
backend/app/services/agent/tools/transit/present_transit.py	_coverage_note	5	keep
backend/app/services/agent/tools/transit/present_transit.py	_coverage_gap	5	keep
backend/app/services/agent/tools/transit/transit_snapshot.py	_safe_alert	6	keep
backend/app/services/agent/tools/transit/transit_snapshot.py	_safe_arrival	2	keep
backend/app/services/agent/tools/transit/transit_snapshot.py	_safe_stop	4	keep
backend/app/services/agent/tools/transit/transit_snapshot.py	_nearby_snapshot	2	keep
backend/app/services/agent/tools/transit/transit_snapshot.py	_route_alert_snapshot	2	keep
backend/app/services/agent/tools/transit/transit_snapshot.py	_unavailable_alert_result	2	keep
backend/app/services/agent/tools/transit/transit_snapshot.py	_active_alert_result	2	keep
backend/app/services/agent/tools/transit/transit_snapshot.py	_service_alert_payload	3	keep
backend/app/services/agent/tools/transit/transit_snapshot.py	_alert_provider_payload	2	keep
backend/app/services/agent/tools/transit/transit_snapshot.py	_SUBWAY_ROUTES	2	keep
backend/app/services/agent/tools/transit/transit_snapshot.py	_transit_source_calls	2	keep
backend/app/services/agent/tools/transit/transit_snapshot.py	_signal_rows	2	keep
backend/app/services/agent/tools/transit/transit_snapshot.py	_latest_observed	2	keep
backend/app/services/agent/tools/transit/transit_snapshot.py	_vehicle_evidence	2	keep
backend/app/services/agent/tools/transit/transit_snapshot.py	_incident_evidence	8	keep
backend/app/services/agent/tools/transit/transit_snapshot.py	_latest_timestamp	3	keep
backend/app/services/agent/tools/transit/transit_snapshot.py	_status_payload	2	keep
backend/app/services/agent/tools/transit/venue_crowd_window.py	_UNSAFE_EVENT_STATUSES	2	keep
backend/app/services/agent/tools/transit/venue_crowd_window.py	_UNSAFE_START_TIME_STATUSES	2	keep
backend/app/services/agent/tools/transit/venue_crowd_window.py	_VenueWindowAdmission	4	keep
backend/app/services/agent/tools/transit/venue_crowd_window.py	_parse_timestamp	3	keep
backend/app/services/agent/tools/transit/venue_crowd_window.py	_event_timing_unconfirmed	2	keep
backend/app/services/agent/tools/transit/venue_crowd_window.py	_admit_venue_window	2	keep
backend/app/services/agent/tools/transit/venue_crowd_window.py	_crowd_window_result	2	keep
backend/app/services/agent/transcript_store.py	_WORD_RE	2	keep
backend/app/services/agent/transcript_store.py	_STOP_WORDS	2	keep
backend/app/services/agent/transcript_store.py	_record_route_card	2	keep
backend/app/services/agent/transcript_store.py	_record_arrival_card	2	keep
backend/app/services/agent/transcript_store.py	_record_sources	2	keep
backend/app/services/agent/transcript_store.py	_valid_source_entries	4	keep
backend/app/services/agent/transcript_store.py	_accepted_trip_identity	2	keep
backend/app/services/agent/transcript_store.py	_owned_route_card	2	keep
backend/app/services/agent/transcript_store.py	_visible	3	keep
backend/app/services/agent/transcript_store.py	_entry_identity	3	keep
backend/app/services/agent/transcript_store.py	_older_history	2	keep
backend/app/services/agent/transcript_store.py	_turns	2	keep
backend/app/services/agent/transcript_store.py	_terms	3	keep
backend/app/services/agent/transcript_store.py	_turn_bytes	2	keep
backend/app/services/agent/transcript_store.py	_priority_turn_indexes	2	keep
backend/app/services/agent/transcript_store.py	_bounded_earlier_turns	2	keep
backend/app/services/agent/transcript_store.py	_decode	2	keep
backend/app/services/agent/trip_state.py	_DEFAULT_PREFERENCES	6	keep
backend/app/services/agent/trip_state.py	_EMPTY_STATE	3	keep
backend/app/services/agent/trip_state.py	_apply_scenario_endpoints	2	keep
backend/app/services/agent/trip_state.py	_apply_scenario_preferences	2	keep
backend/app/services/agent/trip_state.py	_normalized_planning_mode	2	keep
backend/app/services/agent/trip_state.py	_normalize	3	keep
backend/app/services/agent/trip_state.py	_optional_str	13	keep
backend/app/services/agent/trip_state.py	_optional_timestamp	3	keep
backend/app/services/agent/turn/completion.py	_PRESENTER_TOOLS	3	keep
backend/app/services/agent/turn/completion.py	_PERSISTED_RESOLUTIONS	2	keep
backend/app/services/agent/turn/completion.py	_FAILURE_STATES	2	keep
backend/app/services/agent/turn/completion.py	_state	6	keep
backend/app/services/agent/turn/completion.py	_object_facts	2	keep
backend/app/services/agent/turn/completion.py	_facts	7	keep
backend/app/services/agent/turn/completion.py	_normalise	4	keep
backend/app/services/agent/turn/completion.py	_terminal_resolution	2	keep
backend/app/services/agent/turn/completion.py	_remaining_action	2	keep
backend/app/services/agent/turn/completion.py	_goal_progress	2	keep
backend/app/services/agent/turn/completion.py	_successful_tool_names	2	keep
backend/app/services/agent/turn/completion.py	_presenter_path	2	keep
backend/app/services/agent/turn/completion.py	_goal_kinds_in_state	2	keep
backend/app/services/agent/turn/completion.py	_persist_recovery_continuation	2	keep
backend/app/services/agent/turn/contract.py	_key	40	keep
backend/app/services/agent/turn/contract.py	_admit_goal_sequence	2	keep
backend/app/services/agent/turn/contract.py	_validate_goal_graph	2	keep
backend/app/services/agent/turn/evidence.py	_apply_goal_flag	3	keep
backend/app/services/agent/turn/evidence.py	_normalized_recovery_options	2	keep
backend/app/services/agent/turn/evidence.py	_route_internal_discovery_ready	2	keep
backend/app/services/agent/turn/finalization.py	_USAGE_FIELDS	2	keep
backend/app/services/agent/turn/finalization.py	_PHASE_FIELDS	2	keep
backend/app/services/agent/turn/ledger.py	_LOGGER	31	keep
backend/app/services/agent/turn/stream.py	_LOGGER	31	keep
backend/app/services/agent/turn/stream.py	_StreamCapture	6	keep
backend/app/services/agent/turn/stream.py	_capture_model_completion_sources	2	keep
backend/app/services/agent/turn/stream.py	_count_tool_end_failure	3	keep
backend/app/services/agent/turn/stream.py	_capture_model_events	3	keep
backend/app/services/agent/turn/stream.py	_finish_model_iteration	2	keep
backend/app/services/agent/turn/stream.py	_record_conversation_timings	2	keep
backend/app/services/agent/turn/stream.py	_apply_server_web_progress	2	keep
backend/app/services/agent/turn/stream.py	_continue_after_web_timeout	2	keep
backend/app/services/agent/turn/stream.py	_stop_on_max_tokens	2	keep
backend/app/services/agent/turn/stream.py	_resolve_unattached_action	2	keep
backend/app/services/agent/turn/stream.py	_continue_after_mixed_terminal	2	keep
backend/app/services/agent/turn/stream.py	_capture_tool_round_message	2	keep
backend/app/services/agent/turn/stream.py	_record_plan_trip_start	2	keep
backend/app/services/agent/turn/stream.py	_normalize_capability_event	2	keep
backend/app/services/agent/turn/stream.py	_ModelPhase	3	keep
backend/app/services/agent/turn/stream.py	_CapabilityPhase	3	keep
backend/app/services/agent/turn/stream.py	_initialize_turn_context	2	keep
backend/app/services/agent/turn/stream.py	_prepare_turn_messages	2	keep
backend/app/services/agent/turn/stream.py	_create_turn_state	2	keep
backend/app/services/agent/turn/stream.py	_stream_turn_body	2	keep
backend/app/services/agent/turn/stream.py	_resolve_capability_iteration	2	keep
backend/app/services/agent/turn/stream.py	_stream_react_loop	2	keep
backend/app/services/agent/turn/stream.py	_stream_model_phase	2	keep
backend/app/services/agent/turn/stream.py	_stream_capability_phase	2	keep
backend/app/services/agent/turn/stream.py	_stream_post_loop_response	2	keep
backend/app/services/agent/turn/stream.py	_used_route_capability	2	keep
backend/app/services/agent/turn/stream.py	_terminal_stop_reason	3	keep
backend/app/services/agent/turn/stream.py	_finalize_state	2	keep
backend/app/services/agent/turn/stream.py	_initial_goal_request_options	7	keep
backend/app/services/agent/turn/tool_round.py	_UNOFFERED_TOOL_ERROR	2	keep
backend/app/services/agent/turn/tool_round.py	_TERMINAL_TOOLS	2	keep
backend/app/services/agent/turn/tool_round.py	_CAPABILITY_TOOLS	2	keep
backend/app/services/agent/turn/tool_round.py	_UNAVAILABLE_ACTION_LABEL	2	keep
backend/app/services/agent/turn/tool_round.py	_UNAVAILABLE_ACTION_SUMMARY	2	keep
backend/app/services/agent/turn/tool_round.py	_PUBLIC_FAILURE_SUMMARIES	2	keep
backend/app/services/agent/turn/tool_round.py	_shows_rider_activity	4	keep
backend/app/services/agent/turn/tool_round.py	_presentation_identity	4	keep
backend/app/services/agent/turn/tool_round.py	_ToolRoundExecution	2	keep
