name	added_in	hits_all	hits_non_test
limitedText	frontend/lib/canonical-itinerary-schema.ts	59	59
nonEmptyText	frontend/lib/canonical-itinerary-schema.ts	44	44
boundedInteger	frontend/lib/canonical-itinerary-schema.ts	40	40
boundedNumber	frontend/lib/canonical-itinerary-schema.ts	32	32
walkMinutes	frontend/components/smart-route/left-rail/live-data/route-steps.ts	73	28
isRecord	frontend/lib/mapbox-search.ts	9	9
stringIds	frontend/components/map/subway-network.ts	9	9
canonicalDurationMinutes	frontend/lib/agent-route-selection.ts	18	8
clockFromIso	frontend/components/smart-route/left-rail/live-data/route-candidates.ts	12	8
optionalText	frontend/lib/mapbox-search.ts	7	7
actionHasType	frontend/lib/agent-chat-state.ts	6	6
nonEmptyTextList	frontend/lib/canonical-itinerary-schema.ts	6	6
nullableText	frontend/components/map/subway-network.ts	6	6
applyAgentEvent	frontend/lib/agent-chat-state.ts	156	5
finiteNumber	frontend/lib/mapbox-search.ts	5	5
firstPresentLabel	frontend/components/smart-route/chat/itinerary-event-adapter.ts	5	5
readJsonBody	frontend/lib/backend-proxy-core.ts	21	5
absentWhenNull	frontend/lib/trip-response.ts	4	4
canonicalWaypointCoordinates	frontend/components/smart-route/map/smart-route-map-helpers.ts	8	4
normalizeAlternateReason	frontend/components/smart-route/left-rail/live-data/route-candidates.ts	11	4
parseCanonicalItinerary	frontend/lib/canonical-itinerary-schema.ts	10	4
shellPanelProps	frontend/app/page-parts.tsx	7	4
stepRouteId	frontend/components/smart-route/left-rail/live-data/route-steps.ts	4	4
stopPoint	frontend/components/map/route-stops-features.ts	4	4
transitMode	frontend/components/smart-route/left-rail/live-data/route-steps.ts	4	4
RecommendedRouteCard	frontend/components/smart-route/left-rail/route-view-itinerary.tsx	5	3
alternateLine	frontend/components/smart-route/left-rail/live-data/route-candidates.ts	3	3
appendCanonicalLegs	frontend/components/smart-route/chat/itinerary-event-adapter.ts	3	3
applyDarkMapTheme	frontend/components/smart-route/map/smart-route-map-helpers.ts	10	3
assistantSurfaces	frontend/components/smart-route/chat/chat-message.tsx	3	3
buildHealth	frontend/components/smart-route/left-rail/live-data/alerts-feed.ts	11	3
canonicalTransferCount	frontend/components/smart-route/left-rail/live-data/route-candidates.ts	6	3
compactFeedTitle	frontend/components/smart-route/left-rail/alert-feed-copy.ts	16	3
credentialFailureResponse	frontend/lib/backend-stream-proxy.ts	3	3
destinationCoordinatesFromRoute	frontend/app/page-parts.tsx	7	3
durationOrFallback	frontend/components/smart-route/left-rail/live-data/route-steps.ts	3	3
isEmptyFailedTurn	frontend/lib/agent-chat-state.ts	3	3
isValidCard	frontend/components/smart-route/chat/itinerary-view-model.ts	3	3
journeyDestination	frontend/components/smart-route/left-rail/route-view.tsx	3	3
journeyFitCoordinates	frontend/components/smart-route/map/smart-route-map-helpers.ts	9	3
liveDepartureFields	frontend/components/smart-route/left-rail/live-data/route-steps.ts	3	3
nearbyStationSelection	frontend/app/page-parts.tsx	6	3
normalizeTripCandidates	frontend/lib/route-planning.ts	8	3
parseSseFrame	frontend/lib/agent-chat-stream.ts	3	3
parseTripResponse	frontend/lib/trip-response.ts	29	3
routeCardsForSelection	frontend/app/page-parts.tsx	6	3
routeRailStatus	frontend/app/page-parts.tsx	8	3
routeStepToRailStep	frontend/components/smart-route/left-rail/live-data/route-steps.ts	11	3
stopPairLabel	frontend/components/map/subway-network.ts	3	3
toggleElementFullscreen	frontend/app/page-parts.tsx	11	3
transitRouteData	frontend/app/page-parts.tsx	6	3
visibleMapLocation	frontend/lib/initial-geolocation.ts	7	3
AlternateRouteCopy	frontend/components/smart-route/left-rail/route-view-alternatives.tsx	2	2
ArrivalsLiveFeedButton	frontend/components/smart-route/chat/chat-arrivals-card.tsx	2	2
AssistantErrorMessage	frontend/components/smart-route/chat/chat-message.tsx	2	2
AssistantRouteResults	frontend/components/smart-route/chat/chat-message.tsx	2	2
AssistantSettledExtras	frontend/components/smart-route/chat/chat-message.tsx	2	2
AssistantStreamingOrb	frontend/components/smart-route/chat/chat-message.tsx	2	2
ComposerSendButton	frontend/components/smart-route/chat/chat-composer.tsx	2	2
ComposerVoiceButton	frontend/components/smart-route/chat/chat-composer.tsx	2	2
DestinationActionGlyph	frontend/components/smart-route/left-rail/route-view-actions.tsx	2	2
DestinationComboboxField	frontend/components/smart-route/left-rail/route-view-actions.tsx	2	2
DestinationSubmitControl	frontend/components/smart-route/left-rail/route-view-actions.tsx	2	2
DestinationVoiceButton	frontend/components/smart-route/left-rail/route-view-actions.tsx	2	2
DetailChainStep	frontend/components/smart-route/left-rail/route-view-itinerary.tsx	2	2
DetailGenericStep	frontend/components/smart-route/left-rail/route-view-itinerary.tsx	2	2
DetailRideStep	frontend/components/smart-route/left-rail/route-view-itinerary.tsx	2	2
DetailVehicleIcon	frontend/components/smart-route/left-rail/route-view-itinerary.tsx	2	2
InvalidItineraryCard	frontend/components/smart-route/chat/recommended-itinerary-card.tsx	2	2
ItineraryArrivalLine	frontend/components/smart-route/chat/recommended-itinerary-card.tsx	2	2
ItineraryTripSummary	frontend/components/smart-route/chat/recommended-itinerary-card.tsx	2	2
RecommendedRouteHero	frontend/components/smart-route/left-rail/route-view-itinerary.tsx	2	2
RideDisclosure	frontend/components/smart-route/chat/itinerary-card-legs.tsx	2	2
RideMetaToggle	frontend/components/smart-route/left-rail/route-view-itinerary.tsx	2	2
RideStopList	frontend/components/smart-route/left-rail/route-view-itinerary.tsx	2	2
RideTransferNote	frontend/components/smart-route/left-rail/route-view-itinerary.tsx	2	2
RouteResultsPanel	frontend/components/smart-route/left-rail/route-view.tsx	2	2
RouteStatusContent	frontend/components/smart-route/left-rail/route-view.tsx	2	2
WorkingPanelTrigger	frontend/components/smart-route/chat/chat-working-panel.tsx	2	2
addFirstBoardingBadge	frontend/components/smart-route/map/smart-route-map.tsx	2	2
affectedStopsContext	frontend/components/smart-route/left-rail/alert-feed-normalizer.ts	2	2
alertLifecycleText	frontend/components/smart-route/left-rail/alert-feed-normalizer.ts	2	2
alertNarrative	frontend/components/smart-route/left-rail/alert-feed-normalizer.ts	2	2
altMotion	frontend/components/smart-route/left-rail/route-view-alternatives.tsx	2	2
alternateLeaves	frontend/components/smart-route/left-rail/route-view-alternatives.tsx	2	2
alternatePath	frontend/components/smart-route/left-rail/route-view-alternatives.tsx	2	2
appendUniqueRouteCard	frontend/lib/agent-chat-state.ts	2	2
applyCardAction	frontend/lib/agent-chat-state.ts	2	2
applyProgressUpdate	frontend/lib/agent-chat-state.ts	2	2
applySessionAndTurn	frontend/lib/agent-chat-state.ts	2	2
applyStreamedContent	frontend/lib/agent-chat-state.ts	2	2
applyTerminal	frontend/lib/agent-chat-state.ts	2	2
applyToolEnd	frontend/lib/agent-chat-state.ts	2	2
applyToolLifecycle	frontend/lib/agent-chat-state.ts	2	2
arrivalCardIsHidden	frontend/lib/agent-chat-state.ts	2	2
arrivalFromLive	frontend/components/smart-route/left-rail/live-data/nearby-arrivals.ts	2	2
arrivalsEmptyCopy	frontend/components/smart-route/chat/chat-arrivals-card.tsx	2	2
bindAbortSignals	frontend/lib/backend-stream-proxy.ts	2	2
boardHeadsign	frontend/components/smart-route/left-rail/live-data/route-steps.ts	2	2
boardingBadgeStyle	frontend/components/smart-route/map/smart-route-map.tsx	2	2
buildProxyHeaders	frontend/lib/backend-proxy.ts	2	2
bundleLaneFeature	frontend/components/map/subway-network.ts	2	2
bundleLaneIdentity	frontend/components/map/subway-network.ts	2	2
busComparisonInsight	frontend/components/smart-route/left-rail/live-data/route-reasoning.ts	2	2
candidateArrivalClock	frontend/components/smart-route/left-rail/live-data/route-plan.ts	2	2
candidateArriveLabel	frontend/components/smart-route/left-rail/live-data/route-candidates.ts	2	2
candidateDelta	frontend/components/smart-route/left-rail/live-data/route-candidates.ts	8	2
cardPlaceNames	frontend/components/smart-route/chat/itinerary-view-model.ts	2	2
cardRationale	frontend/components/smart-route/chat/itinerary-view-model.ts	2	2
closestAccessGroup	frontend/components/smart-route/left-rail/live-data/route-reasoning.ts	2	2
collectHomeArrivals	frontend/components/smart-route/chat/near-you.ts	2	2
colorGroupLaneFeatures	frontend/components/map/subway-network.ts	2	2
colorLaneFeature	frontend/components/map/subway-network.ts	2	2
coordinatesFromUnknown	frontend/lib/mapbox-search.ts	2	2
countedStopFeatures	frontend/components/map/route-stops-features.ts	2	2
darkThemeActions	frontend/components/smart-route/map/smart-route-map-helpers.ts	2	2
decodeSsePayload	frontend/lib/agent-chat-stream.ts	2	2
decodedPolyline	frontend/components/map/route-stops-features.ts	2	2
destinationActionState	frontend/components/smart-route/left-rail/route-view-actions.tsx	2	2
destinationComboboxCommand	frontend/components/smart-route/left-rail/route-view-actions.tsx	16	2
destinationFieldModel	frontend/components/smart-route/left-rail/route-view-actions.tsx	2	2
destinationPresentation	frontend/components/smart-route/left-rail/route-view-actions.tsx	2	2
destinationSubmitColors	frontend/components/smart-route/left-rail/route-view-actions.tsx	2	2
dismissTurnError	frontend/lib/agent-chat-state.ts	2	2
dispatchDroppedStream	frontend/lib/agent-chat-controller.ts	2	2
dispatchTransportFailure	frontend/lib/agent-chat-controller.ts	2	2
distinctAlternate	frontend/components/smart-route/left-rail/live-data/route-candidates.ts	2	2
emptyPlanFacts	frontend/components/smart-route/left-rail/live-data/route-plan.ts	2	2
expandableStatus	frontend/components/smart-route/left-rail/alert-detail.tsx	2	2
failedUpstreamResponse	frontend/lib/backend-proxy.ts	2	2
feedCurrentStatus	frontend/components/smart-route/left-rail/alert-feed-normalizer.ts	2	2
feedEventToAlertItem	frontend/components/smart-route/left-rail/alert-feed-normalizer.ts	2	2
feedItemTitle	frontend/components/smart-route/left-rail/alert-feed-normalizer.ts	2	2
feedServiceName	frontend/components/smart-route/left-rail/alert-feed-normalizer.ts	2	2
feedSourceContext	frontend/components/smart-route/left-rail/alert-feed-normalizer.ts	2	2
feedThread	frontend/components/smart-route/left-rail/alert-feed-normalizer.ts	2	2
feedTitleFromKind	frontend/components/smart-route/left-rail/alert-feed-copy.ts	2	2
fillThemeActions	frontend/components/smart-route/map/smart-route-map-helpers.ts	2	2
finiteMinutes	frontend/components/smart-route/left-rail/live-data/route-candidates.ts	2	2
formatWhyNotSentence	frontend/components/smart-route/left-rail/live-data/route-reason-copy.ts	2	2
hasAlertDetailFields	frontend/components/smart-route/left-rail/alert-detail.tsx	2	2
healthSignalCounts	frontend/components/smart-route/left-rail/live-data/alerts-feed.ts	2	2
incidentReliabilityText	frontend/components/smart-route/left-rail/live-data/route-reasoning.ts	2	2
interpolatedStopFeatures	frontend/components/map/route-stops-features.ts	2	2
isActionForCurrentTurn	frontend/lib/agent-chat-state.ts	2	2
isExpandableAlert	frontend/components/smart-route/left-rail/alert-feed-normalizer.ts	2	2
isKnownEventType	frontend/lib/agent-chat-event-validator.ts	2	2
isLiveFeedTime	frontend/components/smart-route/left-rail/alert-feed-normalizer.ts	2	2
isLiveTimestamp	frontend/components/smart-route/left-rail/alert-feed-normalizer.ts	2	2
isRetryableProviderFailure	frontend/lib/agent-chat-controller.ts	2	2
isSemanticWalkTransfer	frontend/components/smart-route/chat/itinerary-event-adapter.ts	2	2
journeyPlacesFrom	frontend/components/smart-route/left-rail/live-data/route-plan.ts	2	2
jsonOrRedactedUpstream	frontend/lib/backend-proxy.ts	2	2
laterDepartureAlternate	frontend/components/smart-route/left-rail/live-data/route-candidates.ts	2	2
leaveByCopy	frontend/components/smart-route/left-rail/route-view-itinerary.tsx	2	2
legEndpoints	frontend/components/smart-route/chat/itinerary-event-adapter.ts	2	2
liveArrivalMode	frontend/components/smart-route/left-rail/live-data/nearby-arrivals.ts	2	2
liveCountdown	frontend/components/smart-route/left-rail/live-data/route-plan.ts	2	2
liveHeadsignFields	frontend/components/smart-route/left-rail/live-data/nearby-arrivals.ts	2	2
locatedStopFeatures	frontend/components/map/route-stops-features.ts	2	2
mergeTurnSources	frontend/lib/agent-chat-state.ts	2	2
messagesAfterClearingEmptyFailure	frontend/lib/agent-chat-state.ts	2	2
monitoredRouteIds	frontend/components/smart-route/left-rail/live-data/alerts-feed.ts	2	2
nearbyAlertedLines	frontend/components/smart-route/left-rail/live-data/route-reasoning.ts	2	2
nearbyArrivalsState	frontend/components/smart-route/chat/near-you.ts	2	2
nearbyCondition	frontend/components/smart-route/chat/near-you.ts	2	2
nearbyStationName	frontend/components/smart-route/chat/near-you.ts	2	2
parseJsonBytes	frontend/lib/backend-proxy-core.ts	2	2
parseRetrieveFeature	frontend/lib/mapbox-search.ts	2	2
parseSnapshotArrivalCards	frontend/lib/agent-chat-session.ts	2	2
parseSnapshotRouteCards	frontend/lib/agent-chat-session.ts	2	2
parseSnapshotSources	frontend/lib/agent-chat-session.ts	2	2
parseSuggestResponse	frontend/lib/mapbox-search.ts	2	2
pickedLineFrom	frontend/components/smart-route/left-rail/live-data/route-plan.ts	2	2
planHeadline	frontend/components/smart-route/left-rail/live-data/route-plan.ts	2	2
planHeadsign	frontend/components/smart-route/left-rail/live-data/route-plan.ts	2	2
planRationale	frontend/components/smart-route/left-rail/live-data/route-plan.ts	2	2
planningErrorText	frontend/components/smart-route/page/use-route-planning-controller.ts	6	2
prepareRouteSubmit	frontend/components/smart-route/page/use-route-planning-controller.ts	7	2
pushCanonicalLeg	frontend/components/smart-route/chat/itinerary-event-adapter.ts	2	2
pushTransitDetails	frontend/components/smart-route/left-rail/live-data/route-steps.ts	2	2
pushWaitEvent	frontend/components/smart-route/chat/itinerary-event-adapter.ts	2	2
pushWalkDetail	frontend/components/smart-route/left-rail/live-data/route-steps.ts	2	2
readLimitedBytes	frontend/lib/backend-proxy-core.ts	2	2
readSseLine	frontend/lib/agent-chat-stream.ts	2	2
recommendedFootMeta	frontend/components/smart-route/left-rail/route-view-itinerary.tsx	2	2
rejectFailedUpstream	frontend/lib/backend-stream-proxy.ts	2	2
restoreSessionIfIdle	frontend/lib/agent-chat-state.ts	2	2
rewriteDelayTitle	frontend/components/smart-route/left-rail/alert-feed-copy.ts	2	2
rewriteLeadTitle	frontend/components/smart-route/left-rail/alert-feed-copy.ts	2	2
rewriteMedicalTitle	frontend/components/smart-route/left-rail/alert-feed-copy.ts	2	2
rewritePartialSuspensionTitle	frontend/components/smart-route/left-rail/alert-feed-copy.ts	2	2
rewritePatternTitle	frontend/components/smart-route/left-rail/alert-feed-copy.ts	2	2
rideDetailFromStep	frontend/components/smart-route/left-rail/live-data/route-steps.ts	2	2
rideLineColor	frontend/components/smart-route/left-rail/route-view-itinerary.tsx	2	2
rideMetaLabel	frontend/components/smart-route/left-rail/live-data/route-steps.ts	2	2
rideStopCount	frontend/components/smart-route/left-rail/live-data/route-steps.ts	2	2
routeOptionBase	frontend/components/smart-route/left-rail/live-data/route-reason-copy.ts	2	2
runOneTurnAttempt	frontend/lib/agent-chat-controller.ts	2	2
selectedEta	frontend/components/smart-route/left-rail/live-data/route-plan.ts	2	2
selectedPlanFacts	frontend/components/smart-route/left-rail/live-data/route-plan.ts	2	2
selectedTotalTime	frontend/components/smart-route/left-rail/live-data/route-plan.ts	2	2
selectionFromSuggestion	frontend/lib/mapbox-search.ts	2	2
serviceAlertInsights	frontend/components/smart-route/left-rail/live-data/route-reasoning.ts	2	2
shouldBufferStreamEvent	frontend/lib/agent-chat-controller.ts	2	2
shouldIgnoreDone	frontend/lib/agent-chat-state.ts	2	2
shouldRecoverExpiredSession	frontend/lib/agent-chat-controller.ts	2	2
shouldRetryEndedAttempt	frontend/lib/agent-chat-controller.ts	2	2
shouldRetryTransportFailure	frontend/lib/agent-chat-controller.ts	2	2
soonestBusWait	frontend/components/smart-route/left-rail/live-data/route-reasoning.ts	2	2
soonestLiveTrain	frontend/components/smart-route/left-rail/live-data/route-reasoning.ts	2	2
sseProxyResponse	frontend/lib/backend-stream-proxy.ts	2	2
stepStopFeatures	frontend/components/map/route-stops-features.ts	2	2
stopCountFromLeg	frontend/components/smart-route/chat/itinerary-event-adapter.ts	2	2
structuredFastestCopy	frontend/components/smart-route/chat/itinerary-view-model.ts	2	2
structuredFewerTransfersCopy	frontend/components/smart-route/chat/itinerary-view-model.ts	2	2
suggestionFromUnknown	frontend/lib/mapbox-search.ts	2	2
transitEventKind	frontend/components/smart-route/chat/itinerary-event-adapter.ts	2	2
transitLineId	frontend/components/map/route-stops-features.ts	2	2
transitRailStep	frontend/components/smart-route/left-rail/live-data/route-steps.ts	2	2
transitTokenBadge	frontend/components/smart-route/left-rail/atoms.tsx	2	2
transportErrorFromUnknown	frontend/lib/agent-chat-controller.ts	2	2
unavailableItineraryViewModel	frontend/components/smart-route/chat/itinerary-view-model.ts	2	2
updateHasCopy	frontend/components/smart-route/left-rail/alert-detail.tsx	2	2
upsertRunningToolChip	frontend/lib/agent-chat-state.ts	2	2
waitSecondsFromLeg	frontend/components/smart-route/chat/itinerary-event-adapter.ts	2	2
walkRailStep	frontend/components/smart-route/left-rail/live-data/route-steps.ts	2	2
walkSectionEndpoints	frontend/components/smart-route/chat/itinerary-event-adapter.ts	2	2
walkSectionFromGroup	frontend/components/smart-route/chat/itinerary-event-adapter.ts	2	2
withArriveStep	frontend/components/smart-route/left-rail/live-data/route-plan.ts	2	2
withoutExpiredSession	frontend/lib/agent-chat-controller.ts	2	2
