ts	phase	decision	why	evidence	result
2026-08-29T01:10:00Z	frame	Batch 6 starts at 22f6f0d, tests only, no production edits	plan Batch 6 owns remaining backend/tests Ruff	pre-edit ruff backend/tests 787/82, PT009 616	open
2026-08-29T01:15:00Z	lever	PT009 then PT027 via ruff --fix --unsafe-fixes, keep operand order	build-the-lever, do not hand-convert 616 asserts	PT009 583 auto plus 13 hand in test_agent_progress nested f-string; PT027 27	kept
2026-08-29T01:20:00Z	lever	I001, RUF005/059, PT018 split, SIM117 combine with pytest.raises	mechanical remainder after PT	PT018 leftover 2 split by hand (set_id startswith, present_attempts[0])	kept
2026-08-29T01:25:00Z	protocol	keep deadline_monotonic and Redis ex= names, discard via _ =	ARG002 prefix broke keyword callers	RED test_ticket_nonce unavailable vs consumed; RED _Ledger.execute unexpected keyword	kept
2026-08-29T01:30:00Z	complexity	split _model_led_rounds, run_turn patchers, _declared_rounds stamp, _assert_turn4 gates, H03 phases, admission eval dispatch, trips stubs	C901/PLR without new assertion helper modules	ruff backend/tests then backend exit 0	kept
2026-08-29T01:35:00Z	cancel	anext collect on cancelled turn and disconnected SSE, list-comp only on complete consumption	PERF401 async-comprehension would drop partial events on CancelledError	cancellation tests in conversation suite passed	kept
2026-08-29T01:40:00Z	gates	owned test_*.py reverse then full backend unique basetemp	plan both orders plus full suite	rev 322 passed 7 skipped 121 subtests; full 1823 passed 21 skipped 444 subtests	kept
2026-08-29T01:41:00Z	gates	full check_quality.py --quality-ref 22f6f0d	no --skip-tests, no --update-baseline	exit 1, tests_ran true, approval_eligible false, new 0, worsened 0, cognitive 0, stale 11 Batch 4 tools, frontend 314, backend 1823/21/444, ruff structural 0	kept
2026-08-29T01:42:00Z	simplify	del protocol kwargs; drop H03 ctx bag; share declare_call via _turn_round; skip declare_goals in caller	quality+reuse reviews; ARG002 names stay production keywords	del matches test_goal_aware_tool_round; H03 tuple; ruff 0	kept
2026-08-29T01:43:00Z	simplify	keep anext collect; do not merge _fill_public_schema into E1 _complete_public_inputs	PERF401 vs cancel partials; E1 coupling would be a new helper layer	perf review empty; reuse finding skipped	skipped
2026-08-29T01:44:00Z	nocomments	Comment Sicko deleted 44 sermon lines; require evidence_id from run_multi_probe	no-comments skill; default te_f2_{turn_id} was not unique	restored 0; trips import-first comment was stale (trips no longer loads agent.tools)	kept
2026-08-29T01:45:00Z	gates	dirty test_*.py plus multi-intent forward and reverse after simplify	plan both orders after edits	fwd and rev 337 passed 7 skipped 121 subtests; ruff backend 0	kept
2026-08-29T02:40:00Z	repair	reflow new >160 lines vs 22f6f0d; H03 named destination/reload phases return only set_a	review P3 reader load and metric-shaped split	new160 0 after reflow; ruff 0	kept
2026-08-29T02:41:00Z	repair	handoff commands from repository root with complete $files arrays	review P1 non-runnable cwd and undefined $files	fwd/rev 337 passed 7 skipped 121 subtests; full 1823/21/444 from root	kept
